"ID"	"logFC"	"AveExpr"	"t"	"P.Value"	"adj.P.Val"	"B"
"NM_033412_1292"	"SLC25A51"	11.8444578118941	11.4845348709268	127.083801524003	1.88449545910335e-22	2.66561882690169e-18	39.2188523031626
"NM_016183_857"	"MRTO4"	8.49149435196486	8.47194198156863	84.1176393756361	5.35062655594184e-20	3.78423063168986e-16	35.3793701327686
"NM_145061_1972"	"SKA3"	8.38780005780278	7.62083471678934	70.9843206632031	5.45419255134764e-19	2.14500145867505e-15	33.4949110082239
"NM_032017_3789"	"STK40"	7.09152037675035	6.85239614217988	68.4204142550293	9.01856749575648e-19	2.14500145867505e-15	33.0671580009795
"NM_002027_1560"	"FNTA"	8.41713257399846	8.37442198652798	68.3801035706037	9.0915108822865e-19	2.14500145867505e-15	33.0602536858064
"NM_030770_2151"	"TMPRSS5"	-9.18407817401923	-8.49979526823601	-68.1604412077126	9.50027856972788e-19	2.14500145867505e-15	33.022530483777
"NM_006472_1297"	"TXNIP"	-12.1823841826074	-11.7376574260823	-67.6093884778199	1.06150655431074e-18	2.14500145867505e-15	32.9271475279696
"NM_005516_471"	"HLA-E"	8.64150243812453	8.69006286672164	64.1965533062287	2.15448796248132e-18	3.80940402866228e-15	32.3115678364259
"NM_015196_3542"	"KIAA0922"	-10.2884004286215	-8.5941288022642	-63.531428755509	2.48396305509674e-18	3.90396193492705e-15	32.1863880881954
"NM_017548_2719"	"CDV3"	7.78421697723449	7.49879073691534	61.0216703100735	4.30802706651845e-18	6.09370428559035e-15	31.6977015415014
"NM_005202_3945"	"COL8A2"	7.57903029225975	7.54368054907646	60.0486317478839	5.36573111411037e-18	6.89984241900829e-15	31.5009882466077
"NM_145308_354"	"SHANK2-AS3"	-5.32456685021361	-5.99450486693583	-57.0213214009555	1.08744101166084e-17	1.28182109249522e-14	30.8612453220262
"NM_001731_593"	"BTG1"	3.86472322584511	2.20444078761094	54.4045778224907	2.06485799558065e-17	2.22405306616475e-14	30.2719237255871
"NM_021033_3993"	"RAP2A"	5.98759864623503	5.7860044599885	54.1501708943452	2.20125436029032e-17	2.22405306616475e-14	30.212709982518
"NM_178813_410"	"AKAP14"	5.71267862201146	4.43388881990279	53.317821125196	2.71939033386702e-17	2.27828003182942e-14	30.016501013629
"NM_024745_2422"	"SHCBP1"	8.83419552608648	8.40278516479832	53.292266858434	2.73723696447574e-17	2.27828003182942e-14	30.0104162985913
"NM_021072_1859"	"HCN1"	12.3784140587455	12.0616326758946	53.2910017408593	2.7381237568823e-17	2.27828003182942e-14	30.010114966914
"NM_024628_623"	"SLC12A8"	6.48119664505956	6.24852876574583	52.7530165027319	3.14468619147992e-17	2.47119923213797e-14	29.8811565742427
"NM_015435_4162"	"RNF19A"	-4.40282336555888	-2.93945612082329	-52.1701466076029	3.65937856291421e-17	2.72431104065376e-14	29.7395711321708
"NM_013995_3342"	"LAMP2"	7.49700603531361	7.60779433031976	50.6876486875825	5.42228322869095e-17	3.83490981349167e-14	29.3704244386443
"NM_014548_1273"	"TMOD2"	5.8035657519983	4.57369441664758	49.5157039326302	7.45968264923183e-17	5.02462909873258e-14	29.069061233648
"NM_148571_2303"	"MRPL27"	6.66476382851421	6.42213792036002	49.1872344105713	8.16830523981892e-17	5.25184898260176e-14	28.9830271598255
"NM_058193_1509"	"TRIM29"	7.89460638486446	7.96673591747546	48.7990148664949	9.10017759360846e-17	5.5966092200692e-14	28.880436240403
"NM_005159_1136"	"ACTC1"	-6.24091939369389	-5.45323881284103	-48.251756912924	1.06125365913028e-16	6.2547637534991e-14	28.7341221290019
"NM_018242_2466"	"SLC47A1"	6.73942429723027	6.75003967871676	46.2265246388552	1.90370233825244e-16	1.02539053991587e-13	28.1747258794197
"NM_003714_1638"	"STC2"	6.57136630751951	6.33663464616952	46.1759631948932	1.93229991538766e-16	1.02539053991587e-13	28.1603862370658
"NM_001380_5693"	"DOCK1"	6.58393668532473	5.896601737422	46.1150297573094	1.96737750222308e-16	1.02539053991587e-13	28.1430801163856
"NM_004900_932"	"APOBEC3B"	9.74815197287243	9.79653129203227	46.009492122817	2.02975858025057e-16	1.02539053991587e-13	28.1130410849718
"NM_000100_461"	"CSTB"	3.44223353233786	3.18551050902031	45.4375665324645	2.4068488207971e-16	1.17396126104052e-13	27.948816412963
"NM_052940_773"	"LRRC42"	-9.98473614526959	-10.1947327393628	-45.2647318203011	2.53509302776799e-16	1.19529636259261e-13	27.8987046908416
"NM_020710_2544"	"LRRC47"	-6.24055626980758	-5.63985666203947	-44.9895707774887	2.75462669746757e-16	1.25690950437674e-13	27.8184550621605
"NM_002791_856"	"PSMA6"	8.06257415503947	7.9441795813296	44.7915535696924	2.92519228631864e-16	1.29302640281179e-13	27.760344160106
"NM_002391_690"	"MDK"	4.90558319396456	4.67627553542428	44.3597413022307	3.33771447742e-16	1.43066579645776e-13	27.6325648326338
"NM_175910_2071"	"ZNF493"	11.1531307144346	10.8419691957702	44.0740425019587	3.6446881715849e-16	1.51629747609025e-13	27.5472148413769
"NM_002636_579"	"PHF1"	6.26603472806931	6.38028153670522	43.9007714827246	3.84551068737311e-16	1.55413567636836e-13	27.4951343829672
"NM_001954_3639"	"DDR1"	6.71145791556296	6.19872416323945	43.7867410850176	3.98412743453698e-16	1.56543007115349e-13	27.4607282509127
"NM_005614_1101"	"RHEB"	5.26010654599168	5.06085754566393	41.9327380723881	7.17929515585988e-16	2.74462513458481e-13	26.88619118097
"NM_031898_1582"	"TEKT3"	-10.3090353375271	-8.89050954425763	-41.64656228814	7.8804024425452e-16	2.93337611973163e-13	26.7948836745871
"NM_018042_1525"	"SLFN12"	11.1712423461368	11.2754307249517	41.5573563906643	8.11369274974475e-16	2.94277394731127e-13	26.7662733282788
"NM_014556_6629"	"EVC"	8.18437841234435	8.46690840307307	41.1916929178481	9.1503208096675e-16	3.18153100767411e-13	26.6482523416978
"NM_013444_1251"	"UBQLN2"	-7.74808167959177	-4.98967150641373	-41.168128248193	9.22182900775105e-16	3.18153100767411e-13	26.6406052980088
"NM_139175_1356"	"RNF133"	-6.48522644566722	-4.76884519475043	-40.0505844992563	1.3408348697201e-15	4.48235458756885e-13	26.2720663489889
"NM_006465_3799"	"ARID3B"	-3.38974833510906	-2.74799715029856	-39.9700578849954	1.37803614653851e-15	4.48235458756885e-13	26.2450572993402
"NM_014999_2306"	"RAB21"	5.91470716498392	5.63113150806148	39.9355843261406	1.39429905869939e-15	4.48235458756885e-13	26.2334757039491
"NM_025145_940"	"CFAP43"	4.62245271046926	3.86653158592519	39.6056549917181	1.56077697198412e-15	4.90604228193674e-13	26.1220543383298
"NM_004310_1351"	"RHOH"	4.784367316622	4.50844146469826	39.0586932713522	1.88555856406551e-15	5.79809258450144e-13	25.934992704056
"NM_006119_564"	"FGF8"	-10.3821196395347	-8.69215220179166	-38.9796842005954	1.93817364343504e-15	5.8330779119976e-13	25.9077259669551
"NM_004467_488"	"FGL1"	3.42137290539845	3.07403844965445	38.6975172950129	2.13931528234532e-15	6.30429472266137e-13	25.8098343879715
"NM_182608_1342"	"ANKRD33"	3.78745229386569	3.51112464813315	38.3530526305138	2.41570088450667e-15	6.84375548185427e-13	25.6892305675768
"NM_024863_1407"	"TCEAL4"	5.12469532880676	4.10636383236287	38.349033857607	2.41914297697217e-15	6.84375548185427e-13	25.6878163110728
"NM_000059_9108"	"BRCA2"	-6.64152385271311	-5.41177880215983	-37.9758751521874	2.76286488341745e-15	7.66288701489018e-13	25.5557644683051
"NM_022783_1683"	"DEPTOR"	6.12951329533798	5.81160966570057	37.8052139791702	2.93719840209507e-15	7.98974449954514e-13	25.494884198679
"NM_173607_655"	"FAM177A1"	9.07489308513783	9.06307320501763	37.6548985724047	3.10053514687457e-15	8.22680796438253e-13	25.4410056482057
"NM_003165_3451"	"STXBP1"	3.52732508070115	3.19445061597555	37.5690815245306	3.1981321116692e-15	8.22680796438253e-13	25.4101373230014
"NM_001313_2594"	"CRMP1"	6.59485808888478	6.04100004202021	37.5493268860358	3.22106165203647e-15	8.22680796438253e-13	25.4030203969249
"NM_153344_1368"	"C6orf141"	-4.92976150070542	-4.21714254657182	-37.5186745005005	3.25699007426951e-15	8.22680796438253e-13	25.3919690674755
"NM_014451_2722"	"BBS9"	8.03270634770069	7.33476741473117	37.180292005404	3.68345771963304e-15	9.11949127225442e-13	25.2692932076268
"NM_014780_5321"	"CUL7"	5.29091862010639	4.81078068538126	37.1390866496682	3.73934601478089e-15	9.11949127225442e-13	25.2542694892002
"NM_058246_1949"	"DNAJB6"	4.12157783815902	3.58929748422905	36.6284743119443	4.51267845027217e-15	1.0818955369339e-12	25.0665377630886
"NM_004542_130"	"NDUFA3"	3.42862339173222	2.95467450206851	36.4510591859342	4.82016434939937e-15	1.12782599892946e-12	25.0006254295713
"NM_001495_2849"	"GFRA2"	4.31736026232317	4.09323373208248	36.4269106459445	4.86372470376082e-15	1.12782599892946e-12	24.9916262920654
"NM_025021_747"	"CRTC1"	6.45717559808819	6.13963876781851	36.2461342017005	5.20353945558402e-15	1.14431640946462e-12	24.9240471536149
"NM_002089_495"	"CXCL2"	3.44155777183409	3.06115009963809	36.2404588854176	5.21461149960173e-15	1.14431640946462e-12	24.9219195058233
"NM_138791_525"	"NOXRED1"	3.81523593988869	3.61450942374529	36.2242008838792	5.2464695012145e-15	1.14431640946462e-12	24.9158224126544
"NM_000511_600"	"FUT2"	-5.17053993986195	-2.79752771495733	-36.1909051109784	5.3123667103732e-15	1.14431640946462e-12	24.9033263047439
"NM_020740_1835"	"ANKFY1"	9.46483436904272	9.44978412188193	36.1774067641275	5.33933425412972e-15	1.14431640946462e-12	24.8982566548045
"NM_178561_2391"	"CTAGE6"	7.17439667471822	6.89966503433015	35.9496585954853	5.8171754270791e-15	1.22811860322439e-12	24.8124020967197
"NM_021599_1055"	"ADAMTS2"	5.47846392765803	5.36501076450465	35.6223946293837	6.58581756737598e-15	1.36994690427255e-12	24.6879716757701
"NM_006276_2372"	"SRSF7"	-10.3705109639386	-9.70505391114645	-35.5632908022333	6.73589482011276e-15	1.38085843812312e-12	24.6653647166851
"NM_012133_2737"	"COPG2"	6.10558053834944	5.86162508472284	35.4791010438565	6.95603623640019e-15	1.38622586588785e-12	24.6330906795258
"NM_003795_1312"	"SNX3"	-7.64610148973149	-8.32340565828933	-35.4783330214982	6.95807963789587e-15	1.38622586588785e-12	24.6327958697174
"NM_018932_2713"	"PCDHB12"	3.6332399043728	3.81437761570551	35.3416222846325	7.33227316497297e-15	1.44048616553531e-12	24.5802060636968
"NM_016640_945"	"MRPS30"	5.77171066998428	5.43462286528157	35.2287224417159	7.6575657825244e-15	1.48378449306586e-12	24.5366062435558
"NM_017817_1366"	"RAB20"	3.3463481875502	3.22932883014782	35.1140106643045	8.00398204274037e-15	1.52995035127787e-12	24.4921485724563
"NM_153700_4786"	"STRC"	4.1784531126546	4.09599109513827	34.7903676844944	9.07512856155198e-15	1.7115692467087e-12	24.3658500592598
"NM_033201_1753"	"C16orf45"	3.11783061780126	2.72421887006968	34.7339017232283	9.27727476433969e-15	1.72667173081033e-12	24.3436823747167
"NM_002792_512"	"PSMA7"	-4.52743180197026	-3.73831418681911	-34.5423486944723	9.99979558988785e-15	1.83697543660992e-12	24.2681855064711
"NM_003142_1395"	"SSB"	3.40673782947074	3.293148361035	34.3843570535682	1.06411491522131e-14	1.90726293492199e-12	24.2055695789518
"NM_003648_6134"	"DGKD"	-3.30117253939561	-2.16993277856077	-34.3737320989906	1.06858349777186e-14	1.90726293492199e-12	24.2013473339578
"NM_017688_1114"	"BSPRY"	5.84139842758993	4.39300704186766	34.3265321651568	1.08867920810833e-14	1.90726293492199e-12	24.1825732695234
"NM_014331_2306"	"SLC7A11"	-4.66388402068346	-2.30297960490456	-34.2096274700396	1.14021781063799e-14	1.96687572335053e-12	24.1359516648169
"NM_138459_2086"	"NUS1"	-7.4647810125797	-7.61739304141457	-34.1287544292481	1.17739905686848e-14	1.98572705266432e-12	24.1035972869985
"NM_145345_253"	"UBXN11"	-3.83566625887236	-3.22983779278454	-34.1248582106355	1.1792228520594e-14	1.98572705266432e-12	24.102036432854
"NM_001957_3926"	"EDNRA"	-3.97138211343003	-3.59417992556711	-33.9663645044358	1.25604204156452e-14	2.0902017268153e-12	24.0383768953608
"NM_002519_5192"	"NPAT"	-4.9758682551755	-4.75503329581533	-33.9264621761214	1.27621601117574e-14	2.09907854396288e-12	24.022298810919
"NM_182577_1540"	"ODF3L2"	4.03317448610685	3.70293455458567	33.8300177815605	1.32642550588318e-14	2.1395351346208e-12	23.9833524253712
"NM_152512_2575"	"ENTHD1"	4.98655799737458	4.18164116858879	33.8213049967334	1.33106462952726e-14	2.1395351346208e-12	23.9798280389885
"NM_173859_623"	"BPIFA4P"	-9.5942467310315	-10.3465854018669	-33.707122169875	1.39349579862123e-14	2.2147188844379e-12	23.9335484230305
"NM_018313_3116"	"PBRM1"	-3.33379676735586	-2.96622197997855	-33.3802480967754	1.59022722093933e-14	2.47184220221833e-12	23.8001115155814
"NM_024067_1673"	"C7orf26"	-5.59117837210027	-5.35231181527958	-33.1550150692316	1.7430064926192e-14	2.67987248240202e-12	23.7073361682253
"NM_182597_1310"	"LSMEM1"	7.60428958724682	7.0753096399013	32.6383227365542	2.15625941986757e-14	3.2796010208631e-12	23.491894910012
"NM_006829_170"	"ADIRF"	-6.94993800275568	-5.77060388051875	-32.2685002680273	2.51604762877672e-14	3.7646546305122e-12	23.3354124118124
"NM_145175_2093"	"FAM84A"	-5.46294029395761	-6.52936006573923	-32.2252008531139	2.56220798003309e-14	3.7646546305122e-12	23.3169645622055
"NM_014043_428"	"CHMP2B"	-8.04179526987262	-8.77212842039835	-32.1975322213703	2.59217964091708e-14	3.7646546305122e-12	23.3051622393299
"NM_004481_3770"	"GALNT2"	5.82301829991261	5.76551783157202	32.1828428204994	2.60824428271612e-14	3.7646546305122e-12	23.2988918842519
"NM_003241_2829"	"TGM4"	-3.85520391644902	-3.07049799067989	-32.113218730166	2.68585205552753e-14	3.79913773254369e-12	23.2691299051822
"NM_007114_3101"	"TMF1"	3.89199036609363	3.15061549750421	32.0690827302935	2.73632858443772e-14	3.83221463632392e-12	23.2502271703207
"NM_001850_2075"	"COL8A1"	3.76175250092166	3.62462424275997	31.8224285133808	3.03779578564443e-14	4.17180790174179e-12	23.1440703781299
"NM_021080_2305"	"DAB1"	4.48763062532141	3.89525310360599	31.4746449797478	3.52488844312669e-14	4.79418721423337e-12	22.9928749471156
"NM_144621_2763"	"ZBTB8A"	3.14230439857289	3.11979281201388	31.3851183245167	3.66339643081222e-14	4.93511833465132e-12	22.9536636004688
"NM_001082_2131"	"CYP4F2"	-7.00127342555016	-6.00717915935632	-30.9730502106262	4.38058159061934e-14	5.79096510273931e-12	22.7716243789796
"NM_012412_728"	"H2AFV"	3.64045308610732	3.25963924837029	30.815530501778	4.69331799347316e-14	6.14694287200721e-12	22.7013511215926
"NM_016024_1321"	"RBMX2"	-4.86811029321516	-3.9032266990808	-30.7767049897004	4.77402309834941e-14	6.19528043359196e-12	22.6839711680684
"NM_130783_2718"	"TSPAN18"	-3.51796295355342	-2.40262320026562	-30.6809511558586	4.97949110798339e-14	6.40317288385683e-12	22.6410073936052
"NM_033543_225"	"CEACAM21"	-4.82611349314357	-3.70179137949886	-30.5359975753951	5.30877688087675e-14	6.76510351171186e-12	22.5756951543395
"NM_003801_1041"	"GPAA1"	5.98301920218928	5.65730981675275	30.4668172278881	5.4740922268849e-14	6.91348522761491e-12	22.5444076778672
"NM_013302_2586"	"EEF2K"	4.13485431784933	3.71891388352415	30.4287105409489	5.5675028619742e-14	6.96923256483407e-12	22.5271412067804
"NM_003254_733"	"TIMP1"	-5.37495094002466	-5.71392828161098	-30.3955061019298	5.65029028013961e-14	7.01082070285744e-12	22.5120771941098
"NM_032120_978"	"RBM48"	-4.38087946868343	-2.62301484363202	-30.3041021069052	5.88507603867065e-14	7.2386435275649e-12	22.4705188238484
"NM_021035_6689"	"ZNFX1"	-3.5195394284874	-2.53162709990003	-29.8364202915106	7.26173504945772e-14	8.56315803388199e-12	22.2557720844494
"NM_018233_1896"	"OGFOD1"	-6.18741966738844	-3.97598964470702	-29.6223240206766	8.00378629151875e-14	9.27979976176498e-12	22.156269784329
"NM_139242_1025"	"MTFMT"	3.61835426225069	3.03613517796479	29.5011539139547	8.45944450788876e-14	9.64990665839407e-12	22.0996172270822
"NM_005491_4021"	"MAMLD1"	-4.44344403673024	-3.37908612956739	-29.2829143186908	9.35178852858548e-14	1.0432668187966e-11	21.9969565600709
"NM_144642_2235"	"SYNPR"	5.36325054908206	2.86212172983451	29.1164162893374	1.01002965144272e-13	1.09949788072883e-11	21.9180902121058
"NM_000093_6397"	"COL5A1"	6.13659764008042	6.09432434637722	29.1154198957653	1.0104964616101e-13	1.09949788072883e-11	21.9176168113805
"NM_080385_2531"	"CPA5"	-6.990968129943	-4.97110850456853	-28.7462799909357	1.20044359448934e-13	1.26718467492923e-11	21.7410477799047
"NM_022066_4542"	"UBE2O"	3.12071015785683	3.08672688295241	28.7021190859272	1.22561302487412e-13	1.28417009161810e-11	21.719764744159
"NM_001053_360"	"SSTR5"	-4.49458167874318	-4.13785813559073	-28.6615851872861	1.24921352249602e-13	1.29927391733134e-11	21.7001993802371
"NM_006875_1743"	"PIM2"	-3.82087106434531	-2.80319915459938	-28.6375615996719	1.26343056838932e-13	1.30112429041299e-11	21.6885896638303
"NM_030774_1277"	"OR51E2"	-6.36281176631339	-5.80683353281047	-28.6275783122081	1.26938955162243e-13	1.30112429041299e-11	21.6837620961467
"NM_014406_424"	"CCT8L2"	5.13715043602686	5.11308461924445	28.4479981804299	1.38188746754427e-13	1.39619987345812e-11	21.5966200436608
"NM_014143_593"	"CD274"	4.30027017439224	3.74407534494523	28.4126634001322	1.40525590385031e-13	1.40974076311791e-11	21.5794056765084
"NM_080625_2110"	"CCM2L"	3.55381415140732	2.73127437629168	28.3836439170547	1.42476454050595e-13	1.41786933521969e-11	21.5652511775389
"NM_021052_515"	"HIST1H2AE"	-3.23247776520971	-1.86159918116587	-28.3649295881387	1.43749925779549e-13	1.41786933521969e-11	21.5561150483497
"NM_005725_619"	"TSPAN2"	3.20555145098165	2.82060213109461	28.2746832346586	1.50064632047433e-13	1.4452069816089e-11	21.5119688237831
"NM_002606_1602"	"PDE9A"	4.40481685481966	4.03792269126014	28.2729165117556	1.50191181545782e-13	1.4452069816089e-11	21.5111031137964
"NM_016274_1529"	"PLEKHO1"	-8.845836467756	-6.82218175846331	-28.1200464160167	1.61586522228035e-13	1.52321529180211e-11	21.4359799170482
"NM_004062_1869"	"CDH16"	-4.90883502083732	-4.87345894308985	-28.1161290635383	1.61890441899418e-13	1.52321529180211e-11	21.4340492394909
"NM_021950_1123"	"MS4A1"	3.59014396808172	3.28160649506778	28.0928001443861	1.63713102936438e-13	1.52321529180211e-11	21.422545683001
"NM_018083_235"	"ZNF358"	-5.6195032779775	-3.69358189093639	-28.0705811384844	1.6546950893558e-13	1.52321529180211e-11	21.4115801246326
"NM_153341_1630"	"RNF19B"	-5.28939216587341	-4.61080216506777	-28.0161333636927	1.69859548087617e-13	1.54441783134084e-11	21.3846705170919
"NM_053039_1612"	"UGT2B28"	-5.23925379044651	-3.717059744804	-28.0104106555154	1.70328159554027e-13	1.54441783134084e-11	21.3818390172491
"NM_144648_2601"	"LRGUK"	3.61551111389888	2.21367503047203	27.857205252695	1.83403032150235e-13	1.65237954762107e-11	21.3058097876985
"NM_173513_361"	"LINC00471"	3.27819494481407	3.34282555936075	27.8391444105151	1.85013870373703e-13	1.65634252938989e-11	21.2968181783332
"NM_007024_1782"	"TMEM115"	-6.19590090514845	-6.38691710506536	-27.7916185159323	1.89325574862414e-13	1.67375641026803e-11	21.2731282071688
"NM_005488_1838"	"TOM1"	3.53111162551024	4.01993364457868	27.7456484348743	1.93598734874274e-13	1.70090317068112e-11	21.2501734552587
"NM_031478_515"	"FAM57B"	3.56211927355113	3.36926587964627	27.6909735477959	1.98816069093302e-13	1.73595882550911e-11	21.2228202730124
"NM_170743_4360"	"IFNLR1"	-4.01673013794782	-2.85758959786504	-27.2553658440593	2.46184291885027e-13	2.11047079315982e-11	21.0028580165949
"NM_003773_1102"	"HYAL2"	4.56518089855551	4.39213713589851	27.229533004078	2.49349851112814e-13	2.11597497230208e-11	20.9896988172666
"NM_002558_2628"	"P2RX1"	-3.49044325684196	-2.96671495502557	-27.062687028429	2.7087554977616e-13	2.28067538784749e-11	20.904393879666
"NM_152448_556"	"C15orf43"	-3.00580917509272	-2.35263326879776	-26.9098759526481	2.92343776188834e-13	2.44686551135566e-11	20.8257839920876
"NM_005439_1406"	"MLF2"	3.62443912040597	3.41657586900887	26.8581932914103	3.00011520137839e-13	2.49579207606431e-11	20.7990922394272
"NM_006531_2523"	"IFT88"	8.6004239935188	8.45341121298773	26.8366668309404	3.03268560211517e-13	2.49579207606431e-11	20.7879590785248
"NM_172236_688"	"POFUT1"	4.30488939635768	3.76180972141809	26.835260421838	3.03482670260206e-13	2.49579207606431e-11	20.7872313826753
"NM_003415_3647"	"ZNF268"	-3.55320212962015	-1.80019304932154	-26.7588361305332	3.15364536689849e-13	2.54904649798738e-11	20.7476288134885
"NM_002403_477"	"MFAP2"	-3.12205158378528	-2.4372155449706	-26.5901613131081	3.4339024945011e-13	2.74421190874113e-11	20.6598062831334
"NM_152320_2237"	"ZNF641"	4.87045597617551	5.37387291575969	26.422678511536	3.73874856080633e-13	2.93803324403364e-11	20.5720320330619
"NM_173501_1246"	"C16orf52"	3.56302856439673	3.24757338613563	26.3989796943605	3.78417532614512e-13	2.95730165681341e-11	20.5595655345174
"NM_033413_601"	"LRRC46"	-3.32853149025663	-2.30146692666464	-26.3799868053373	3.82100853671282e-13	2.96967943691224e-11	20.5495661854125
"NM_012427_1329"	"KLK5"	-6.78394452456006	-5.04711614469514	-26.1846274200352	4.22297606619212e-13	3.22886467331284e-11	20.4462799569276
"NM_017896_1307"	"GID8"	-5.71519505919553	-4.2697540336516	-26.1266368585182	4.35084550780724e-13	3.28476464347013e-11	20.4154673058751
"NM_021065_331"	"HIST1H2AD"	4.50319657379659	4.06597238725614	26.0083254199383	4.62477328540552e-13	3.46123905407731e-11	20.3523845368077
"NM_004591_419"	"CCL20"	3.36244921636944	2.81077344641297	25.9680960155824	4.72208076424113e-13	3.51546486369425e-11	20.3308671317017
"NM_001784_2156"	"ADGRE5"	5.00254930473592	3.45453880573713	25.8784111645184	4.94699937380287e-13	3.66362859384511e-11	20.2827737869772
"NM_032192_1201"	"PPP1R1B"	-3.75647485897706	-3.17344327261851	-25.8600700675207	4.9943952252041e-13	3.67946460731833e-11	20.2729172762652
"NM_006507_693"	"REG1B"	4.41657687781183	3.50964529078319	25.8294078544288	5.07472059142566e-13	3.68112424439569e-11	20.2564233182866
"NM_148959_748"	"HUS1B"	4.4093853700834	4.0735504740655	25.7789452139601	5.20994615043467e-13	3.75993307642338e-11	20.2292343213567
"NM_000814_1238"	"GABRB3"	-3.67809191903827	-3.61121451207445	-25.6425349790255	5.59518774623622e-13	4.01745840967063e-11	20.1554624465216
"NM_176880_239"	"NR2C2AP"	-5.44284096526537	-5.05795931829145	-25.3181153633226	6.6395414702476e-13	4.67636521611405e-11	19.9783822220956
"NM_001174_5230"	"ARHGAP6"	3.31012316750373	2.57683875753269	25.2681060682056	6.81830454258885e-13	4.7745008789564e-11	19.9508784973422
"NM_178349_281"	"LCE1B"	4.62558692750596	4.37850215259928	25.0244207148597	7.76633277043169e-13	5.38503809008609e-11	19.8160561050722
"NM_021186_467"	"ZP4"	-5.25594724539381	-3.75973161558632	-24.9052104610224	8.28071506040376e-13	5.68595701599084e-11	19.7496115740937
"NM_032087_2032"	"PCDHGA7"	3.82350176133401	2.44753889351096	24.7273099200633	9.11739282446381e-13	6.14121530962098e-11	19.6498484011398
"NM_003291_4412"	"TPP2"	3.0434412959816	2.85150384100773	24.6958957652052	9.27432425077941e-13	6.158949482766e-11	19.6321559232837
"NM_020482_1910"	"FHL5"	3.54870577354773	2.89462697126647	24.6903226316179	9.30246621030873e-13	6.158949482766e-11	19.6290147338714
"NM_002247_5491"	"KCNMA1"	-3.98357440193885	-3.37009897295758	-24.6831357709092	9.33889194877404e-13	6.158949482766e-11	19.6249629311762
"NM_004578_999"	"RAB4A"	-5.32189646925101	-4.40629310210078	-24.661687373747	9.44851210859118e-13	6.158949482766e-11	19.6128636180539
"NM_025140_1680"	"CCDC92"	-7.6990626217094	-5.67013889519234	-24.6355849683769	9.58378150176058e-13	6.21846740102768e-11	19.598124445819
"NM_024907_984"	"FBXO17"	-4.63040898132685	-3.62933439371448	-24.6147436093675	9.69327642041368e-13	6.26079429071924e-11	19.5863445855836
"NM_006496_1376"	"GNAI3"	3.19569410244409	3.05042732806452	24.5999154265047	9.77199540957761e-13	6.28294886674888e-11	19.5779572784097
"NM_000697_2216"	"ALOX12"	-4.16185327773741	-3.46844846329794	-24.4034541486613	1.08821725708346e-12	6.87833160932855e-11	19.4663439271214
"NM_005842_1547"	"SPRY2"	-3.81262825058502	-3.46018888786733	-24.3401337194208	1.12681989411344e-12	7.05259619567901e-11	19.430175540959
"NM_018936_1183"	"PCDHB2"	4.70883820266935	4.62562174711313	24.3222492705414	1.13798679294294e-12	7.09111153576117e-11	19.4199426901527
"NM_032717_2135"	"AGPAT9"	3.26844020708864	3.01902840153996	24.2191957951717	1.20468615799136e-12	7.40881987164687e-11	19.3608297923896
"NM_016319_1234"	"COPS7A"	4.95490971232453	3.14113714640671	24.1231964460128	1.27059804527673e-12	7.71356624482374e-11	19.3055330325194
"NM_020524_3029"	"PBXIP1"	-4.64800933613758	-5.09854164198503	-24.0681521510948	1.31012497458724e-12	7.91953750663953e-11	19.2737260707047
"NM_003021_2120"	"SGTA"	-5.8925066154573	-4.58358433599696	-24.0370529885123	1.33303778546223e-12	7.98975401498445e-11	19.2557230090668
"NM_018029_1184"	"EBLN2"	-3.90844460000418	-2.82934053361859	-23.9423129416334	1.40552478143569e-12	8.36189652196278e-11	19.2007328788463
"NM_002556_2188"	"OSBP"	5.03644583036529	4.46507055131504	23.9330163412289	1.41286197861372e-12	8.36189652196278e-11	19.1953249636604
"NM_000917_2377"	"P4HA1"	-6.89929869549505	-8.45708051349123	-23.8947271452522	1.44351651948595e-12	8.50772548672031e-11	19.1730293501387
"NM_024528_1000"	"NKAP"	-3.52922636068645	-2.03104198616736	-23.8855669431606	1.45095535617841e-12	8.51608444528781e-11	19.1676900462435
"NM_004841_4177"	"RASAL2"	-3.7051188184967	-2.28470360759978	-23.7494605387377	1.56645967135276e-12	9.00714311027836e-11	19.088111194327
"NM_006284_1C07"	"TAF10"	3.26998974869942	3.04710431158626	23.643035717369	1.66363178788824e-12	9.37532734648573e-11	19.0255646245893
"NM_004797_3673"	"ADIPOQ"	-4.20905251232022	-2.15709132346846	-23.5979266968762	1.70675011737153e-12	9.58015095643664e-11	18.9989678617592
"NM_014435_807"	"NAAA"	-9.61128622908662	-10.3960650467383	-23.5536938355651	1.75019543617369e-12	9.78518357497111e-11	18.9728377856863
"NM_181654_306"	"CPLX4"	-7.56101440887261	-6.63473784148752	-23.4905433631959	1.81428689865709e-12	1.00639561496096e-10	18.935446366858
"NM_018015_1473"	"CXorf57"	3.70386384036506	3.74964822322637	23.4738753122021	1.83161954412517e-12	1.0120413457676e-10	18.9255602871012
"NM_024491_2369"	"CEP70"	-7.8450451920541	-8.77165059805285	-23.4370138118033	1.87058393566244e-12	1.02555851821493e-10	18.9036719889074
"NM_022767_2864"	"AEN"	-3.49396789526372	-3.84683051726235	-23.4148371636989	1.89445280856924e-12	1.03463455510471e-10	18.8904867981379
"NM_017647_2875"	"FTSJ3"	3.88497336303814	3.57549177904628	23.3722909949846	1.94116388061592e-12	1.05606781120432e-10	18.8651555626588
"NM_006238_2584"	"PPARD"	3.01582013758111	3.57490331153774	23.192460815775	2.15267233431735e-12	1.14471993116237e-10	18.757572175282
"NM_018208_2161"	"ETNK2"	-6.1811224197253	-4.41564569706188	-23.0414711257179	2.34934859339058e-12	1.23079762420406e-10	18.6665922345784
"NM_000815_367"	"GABRD"	-3.95225725486958	-3.28573481432216	-23.0266748387703	2.36963277533089e-12	1.23684338033415e-10	18.6576443973655
"NM_005210_303"	"CRYGB"	3.12436558370342	2.38950407873261	23.0180655954935	2.38152142857794e-12	1.2384786987954e-10	18.6524354246632
"NM_014874_3839"	"MFN2"	3.12789111173322	3.62579014959212	22.9670392218728	2.45330911138566e-12	1.26649844454562e-10	18.6215219764873
"NM_018298_667"	"MCOLN3"	3.53282110479715	3.11661024315203	22.8775892658057	2.58480787947019e-12	1.32953118018567e-10	18.5671634629522
"NM_005490_1145"	"SH2D3A"	-3.61300471850198	-2.85229679432805	-22.8670192033809	2.60083863157306e-12	1.33292979868119e-10	18.5607259731148
"NM_014507_534"	"MCAT"	3.57680283654377	3.4618449288824	22.8356722544404	2.64900942568906e-12	1.34839033277197e-10	18.5416171552786
"NM_139162_2350"	"MIEF2"	-3.82839760707694	-3.5935013788214	-22.7651725480421	2.76087331668908e-12	1.39473403802025e-10	18.4985448659731
"NM_153240_3819"	"NPHP3"	-4.5430719508643	-4.24515339590509	-22.591925393018	3.05784092495426e-12	1.51765473275361e-10	18.3921277998156
"NM_000553_5023"	"WRN"	3.09874725721908	2.74800740351465	22.5356317109859	3.1615592768044e-12	1.54567562735801e-10	18.3573734456512
"NM_175057_958"	"TAAR9"	3.11768062975007	2.68523987198501	22.5105413041242	3.20899547836002e-12	1.55449455621241e-10	18.3418552428013
"NM_016000_1631"	"TRNT1"	4.84361999218248	4.92674834570999	22.5025578052921	3.22424859887168e-12	1.55655277921638e-10	18.336913888292
"NM_181449_351"	"CD300E"	-5.45981501949552	-5.81816365141728	-22.3307013946558	3.57214943473992e-12	1.70702884305392e-10	18.2301170099062
"NM_004621_3727"	"TRPC6"	3.46479567337369	3.22898341115757	22.1007713930739	4.10185233006985e-12	1.91487462735439e-10	18.0859408578943
"NM_006274_454"	"CCL19"	3.8071468696952	3.24428012271797	21.9924348610709	4.38005814119543e-12	2.00504603259577e-10	18.017490121422
"NM_080827_210"	"WFDC6"	-3.60056734560294	-3.54763147130899	-21.93098333869	4.54679151155754e-12	2.06135788240325e-10	17.9785135742863
"NM_144589_753"	"COMTD1"	-4.69580663104404	-4.50554491606057	-21.8875460752042	4.66874218326137e-12	2.09278184658277e-10	17.950897237915
"NM_032034_1574"	"SLC4A11"	-7.87192606264763	-7.32623365770714	-21.8669032973707	4.72792083772382e-12	2.10303271225168e-10	17.9377539592387
"NM_000317_577"	"PTS"	-4.03458545582799	-3.43817778234402	-21.7138371916983	5.19261152559287e-12	2.26695956881207e-10	17.8399101648786
"NM_178831_4166"	"GATS"	-3.08088281550839	-2.25058201259327	-21.6822437183106	5.29448291640902e-12	2.29725340038668e-10	17.8196295350042
"NR_001544_1122"	"TTTY14"	-3.57717975310925	-3.23441008964413	-21.5314171114551	5.8112047540282e-12	2.49052885260363e-10	17.7224043654887
"NM_032133_2913"	"MYCBPAP"	8.73362323768837	8.36552595098723	21.4896649697173	5.96360650381739e-12	2.54081969868967e-10	17.6953709485734
"NM_001394_1888"	"DUSP4"	-5.87865112768929	-4.19085843943972	-21.4109992756169	6.26250281234498e-12	2.64427170986925e-10	17.6442953228237
"NM_178125_689"	"TRIM50"	3.07900081868003	3.01591189971032	21.3967793568933	6.31822438331503e-12	2.65985963994021e-10	17.6350428679998
"NM_017916_1002"	"PIH1D1"	-6.52518991162691	-6.73878256201593	-21.3726647563374	6.41393614033463e-12	2.6921402583096e-10	17.6193383341518
"NM_014276_461"	"RBPJL"	-3.36854435587267	-2.07338945876137	-21.2823550766014	6.78641028140877e-12	2.83167473246392e-10	17.5603683659784
"NM_017739_2339"	"POMGNT1"	-3.40743839164254	-1.9193778082731	-21.2022443457639	7.1362394367676e-12	2.934363570729e-10	17.5078506179439
"NM_003395_542"	"WNT9A"	3.48903201741965	2.95518795812969	21.0553291372135	7.82898446364987e-12	3.1640281496665e-10	17.4110269331494
"NM_021248_3271"	"CDH22"	-5.09987718456144	-5.03805377632117	-21.0401682600981	7.90446814516347e-12	3.18244164052994e-10	17.4009973134768
"NM_020133_1551"	"AGPAT4"	-3.01590343750427	-3.31938375123764	-21.0183156686593	8.0146432489916e-12	3.21153339254918e-10	17.3865282678538
"NM_000820_2287"	"GAS6"	3.05005776805128	2.71795662335809	21.0066232582705	8.07426769401857e-12	3.21719764878571e-10	17.3787803917171
"NM_002518_2831"	"NPAS2"	-3.77532682192753	-2.93122491903743	-20.8646455917484	8.83741790553046e-12	3.41879183666963e-10	17.2843594763758
"NM_018064_824"	"AKIRIN2"	3.31647645499972	3.17131539196401	20.8583669861098	8.87290239617389e-12	3.41879183666963e-10	17.280169350194
"NM_017583_3082"	"TRIM44"	-5.6639559768106	-5.17994164689188	-20.8434979025486	8.95754721662594e-12	3.43372643303994e-10	17.2702412792469
"NM_024741_2003"	"ZNF408"	3.00606279719468	2.94972120564176	20.7145839705358	9.72871313342258e-12	3.6893471118569e-10	17.1838723006737
"NM_018478_1371"	"DBNDD2"	-3.1090249302333	-2.66946042694292	-20.700152791483	9.81936733209316e-12	3.71376874097481e-10	17.1741709070746
"NM_003471_3217"	"KCNAB1"	-5.21351552913029	-4.42947672210125	-20.6654639430303	1.00409979615469e-11	3.77351010778427e-10	17.1508240282486
"NM_138283_427"	"CSTL1"	-6.54514372116822	-6.09285001793193	-20.5545574567359	1.07862745502506e-11	3.95263869205427e-10	17.0759207206253
"NM_012182_520"	"FOXB1"	3.51222765355207	2.97554007877661	20.5107334987098	1.1096904399564e-11	4.01772032710366e-10	17.0462137654004
"NM_016525_2545"	"UBAP1"	-3.86787012035694	-2.77127616741217	-20.500793681749	1.11686832803538e-11	4.03012818879093e-10	17.0394671960534
"NM_014449_1158"	"GPR162"	-3.80741002823116	-3.21371841613842	-20.4933322199195	1.1222891703939e-11	4.03938430412765e-10	17.0344006813208
"NM_021922_974"	"FANCE"	-3.5390519622566	-2.13123980990814	-20.4605051543961	1.14647527549145e-11	4.09517494238044e-10	17.0120887926424
"NM_182537_1310"	"HTR3D"	-4.42463260281741	-2.64768834882028	-20.4179188384041	1.1786866655219e-11	4.19962793043005e-10	16.9830913825443
"NM_000805_58"	"GAST"	3.64465370592141	2.71492374268845	20.3719455957069	1.21455062251959e-11	4.29764190299545e-10	16.9517211762192
"NM_001490_1959"	"GCNT1"	-3.31060816142919	-4.06371654541277	-20.3702741537782	1.21587633930023e-11	4.29764190299545e-10	16.9505793483606
"NM_138569_1666"	"MLIP"	-3.359643455708	-2.1938490009188	-20.2860995811945	1.284685701919e-11	4.49798991426837e-10	16.8929574021968
"NM_006152_1D09"	"LRMP"	4.15176495809174	3.91218124728343	20.2107668962307	1.34980881531602e-11	4.69116601784891e-10	16.8411894220432
"NM_014253_7769"	"TENM1"	6.55161017910947	5.81375346192887	20.0637358735577	1.48731984331335e-11	5.08167613132061e-10	16.7396052735368
"NM_006378_4354"	"SEMA4D"	5.48329922900408	5.28776367321532	20.0498342109551	1.50107680105264e-11	5.11632080744328e-10	16.7299629774096
"NM_002076_2147"	"GNS"	-4.20716816531931	-3.5635638087424	-20.0075335900474	1.54378166380208e-11	5.18688637398586e-10	16.7005827618831
"NM_014595_891"	"NT5C"	3.65255362575505	3.23984432226687	19.9173723319587	1.63920768084073e-11	5.43357609870097e-10	16.6377578062937
"NM_006660_2056"	"CLPX"	-4.42678073796671	-4.2453763286878	-19.817674174229	1.75213017531232e-11	5.71028272141132e-10	16.5679638944982
"NM_017966_1030"	"VPS37C"	-4.82207362436934	-4.83779771366872	-19.8108863578507	1.76011542349617e-11	5.71028272141132e-10	16.5631996408605
"NM_173610_2449"	"EWSAT1"	4.85573504952006	3.82924166195367	19.5963672986678	2.03366731541635e-11	6.40673144244192e-10	16.4118082563754
"NM_002252_2211"	"KCNS3"	-3.74649128990337	-2.21741469365173	-19.5899746122005	2.04248735352375e-11	6.420218581243e-10	16.407272099936
"NM_033104_2775"	"STON2"	-5.81226809800712	-5.24574419400208	-19.4403030638498	2.26114259745718e-11	7.02942022879819e-10	16.3006546219183
"NM_139164_1307"	"STARD4"	-5.43124590527591	-6.04248689491163	-19.3842778372043	2.34932439342766e-11	7.2557191146363e-10	16.2605405130714
"NM_004193_2H01"	"GBF1"	3.18362047951684	2.65297710293071	19.3756264858502	2.36326629535306e-11	7.26704385821067e-10	16.2543361240636
"NM_173162_2379"	"KCNH7"	-3.8079476261425	-3.73884653087071	-19.356060971492	2.39512440254217e-11	7.34903138263751e-10	16.2402946459936
"NM_014907_4660"	"FRMPD1"	-4.12849986813486	-3.45270224131447	-19.3022120181455	2.48520303012014e-11	7.52932812909948e-10	16.2015780473704
"NM_144570_1402"	"HN1L"	-8.07100956629553	-7.04993732515534	-19.2607947650871	2.55695162642968e-11	7.72822238372817e-10	16.171728439628
"NM_174919_961"	"ARHGAP27"	-4.82736604375581	-4.36121630737097	-19.1802845038764	2.70284586154174e-11	8.0487904655806e-10	16.1135261934544
"NM_182614_335"	"TMEM255B"	5.92561065159675	9.06327992772005	19.1710919575498	2.72006224753745e-11	8.08304212004565e-10	16.1068657220303
"NM_013393_1456"	"FTSJ2"	-4.13887524030411	-2.92367064219945	-19.091789541009	2.87355277731995e-11	8.46800084066473e-10	16.0492785459335
"NM_017527_373"	"LY6K"	-7.04035915306418	-5.42523067282313	-18.9619212271151	3.14529224304144e-11	9.11683581512728e-10	15.9544711013951
"NM_031952_880"	"SPATA9"	3.02248215434518	2.85069028640977	18.9178384158715	3.24368203868679e-11	9.32853421862363e-10	15.9221469862068
"NM_001191_1015"	"BCL2L1"	-4.19986034607485	-4.71986549432171	-18.7287952626956	3.70455341331127e-11	1.04384278946789e-09	15.7827015601097
"NM_017957_2844"	"EPN3"	-3.08102887193949	-2.1652611293213	-18.7253125108827	3.71367505011275e-11	1.04433267562316e-09	15.7801198624941
"NM_017707_3618"	"ASAP3"	-3.39643764405236	-3.58219205524161	-18.519013151502	4.29932598211936e-11	1.16057187055493e-09	15.6263650318021
"NM_153379_1772"	"KREMEN1"	-3.86289875598271	-4.57558090883161	-18.5002907614297	4.35716992808984e-11	1.17394606919678e-09	15.6123299632145
"NM_012070_2995"	"ATRN"	-3.01702638911734	-2.95135893553937	-18.4947611131739	4.37441301387223e-11	1.17620815480959e-09	15.6081821071088
"NM_175878_214"	"XKR3"	3.41352400204078	3.3751786495559	18.4922726746554	4.38219651880279e-11	1.17620815480959e-09	15.606315111222
"NM_017433_4137"	"MYO3A"	-3.26509703021471	-2.58494046171961	-18.483646489769	4.4092930314036e-11	1.17900661491879e-09	15.5998412948757
"NM_000148_3272"	"FUT1"	3.4348029397062	3.3457885420401	18.4292240959422	4.58443241883252e-11	1.20944518756198e-09	15.5589312419505
"NM_004637_281"	"RAB7A"	3.96483265495457	3.57207388357846	18.3985550050306	4.6863978546854e-11	1.2275758824912e-09	15.535825838291
"NM_153450_1366"	"MED19"	3.27081268451217	2.62499532360591	18.3813420179944	4.74468693518652e-11	1.24054707390413e-09	15.5228417923519
"NM_000852_688"	"GSTP1"	-4.97766535050855	-5.23035639789627	-18.3175313141612	4.96763483305652e-11	1.29076790464704e-09	15.4746065234053
"NM_032753_1256"	"RAX2"	-3.72248018838718	-3.01457399636539	-18.3159594685533	4.97326622857998e-11	1.29076790464704e-09	15.4734163182259
"NM_006168_679"	"NKX6-1"	-3.16075739274208	-3.45299687959043	-18.2934295099711	5.05473866497866e-11	1.30763822708651e-09	15.456345833608
"NM_174934_4370"	"SCN4B"	-3.24428497565136	-2.48122630578462	-18.2453669105151	5.23335474972333e-11	1.33862211455401e-09	15.4198624907196
"NM_021729_2563"	"VPS11"	-7.4621640218788	-7.28761049734277	-18.1540230737713	5.59170756926315e-11	1.40737906703251e-09	15.3502713479019
"NM_005879_1757"	"TRAIP"	3.44532912560069	2.70013419509094	18.1310603822981	5.68586437745157e-11	1.42853555273628e-09	15.3327244075708
"NM_001955_1230"	"EDN1"	3.67371890998137	4.71704022850279	18.1004349258939	5.81409094841808e-11	1.45044649850747e-09	15.3092889245159
"NM_018602_386"	"DNAJA4"	-6.12818145950933	-5.36105658601184	-17.9701501862803	6.39520627158447e-11	1.57322074280978e-09	15.2091667461077
"NM_032664_2566"	"FUT10"	3.7050327298443	3.89875866076895	17.8668786041293	6.89995852410734e-11	1.68566344254747e-09	15.1293112753931
"NM_025057_1289"	"CCDC176"	-3.83148275409047	-2.67987906009635	-17.7757530258451	7.38082094156428e-11	1.78159918461479e-09	15.0584822589986
"NM_175630_239"	"DNMT3A"	-3.25686384254688	-1.93272009313851	-17.7504428208055	7.52065572122436e-11	1.80917814926392e-09	15.0387482018708
"NM_000640_1272"	"IL13RA2"	3.50654111123953	2.74598783813494	17.5850807391571	8.50697140455235e-11	2.01897836438579e-09	14.9091562463095
"NM_024754_1728"	"PTCD2"	3.03851444708842	2.94236375013255	17.5642023233596	8.64102336321368e-11	2.03712125787762e-09	14.8927120271336
"NM_014329_4479"	"EDC4"	3.30122235465371	2.60654721489646	17.5136045613564	8.97535762922224e-11	2.08809923791692e-09	14.852783368572
"NM_022114_4048"	"PRDM16"	-3.30809088912064	-2.61737351357236	-17.3806993500755	9.92125666900007e-11	2.28188903387002e-09	14.7473803729402
"NM_021057_2"	"IFNA7"	3.65317877113632	2.91987402768599	17.3090098490268	1.04752864278778e-10	2.37456613016557e-09	14.6902089009435
"NM_018339_434"	"RFK"	-3.83449747083457	-3.80999617352286	-17.2789630732326	1.07172560645279e-10	2.42165474493207e-09	14.66618045324
"NM_145214_2596"	"TRIM11"	-4.72875353125789	-4.31148958011552	-17.2755640752543	1.07450027131404e-10	2.42405204748597e-09	14.6634597874186
"NM_006331_684"	"EMG1"	-4.83860065502296	-3.540212220419	-17.2543775579989	1.0919693898881e-10	2.45173127301067e-09	14.6464900318835
"NM_001293_910"	"CLNS1A"	3.06934324569683	2.80274606757525	17.2410659317935	1.10310059996878e-10	2.47279841308374e-09	14.6358177657529
"NM_004529_2329"	"MLLT3"	3.08233431570169	3.00002488532561	17.2290939993103	1.11321527007066e-10	2.48691200558495e-09	14.6262129256743
"NM_014899_1803"	"RHOBTB3"	-5.43811987576401	-5.24858644144421	-17.225098878917	1.11661265160829e-10	2.48691200558495e-09	14.6230063204131
"NM_018119_2314"	"POLR3E"	-3.23625379836688	-1.94160703342417	-17.1867989379113	1.14975091256962e-10	2.54112916535894e-09	14.5922299883551
"NM_004312_1065"	"ARR3"	3.35350412747034	2.61915487323852	17.0756765690167	1.25199373000865e-10	2.73294001712536e-09	14.5025693083335
"NM_013322_1997"	"SNX10"	3.40374754019229	2.68757678574764	16.9227982859441	1.40885183048305e-10	3.00576306820252e-09	14.3783159937782
"NM_021974_217"	"POLR2F"	3.13476259082745	3.03465329918467	16.9200829528532	1.41182104446029e-10	3.00756154727271e-09	14.3760995620966
"NM_016816_1427"	"OAS1"	-5.58126632812846	-4.78049028910678	-16.7120253362135	1.66050653689125e-10	3.46940398291384e-09	14.205269380714
"NM_138336_670"	"MYEOV2"	3.20449224326472	2.60643297259458	16.6913795716149	1.68762568063355e-10	3.51567971319021e-09	14.1882092217991
"NM_033420_2507"	"TMEM259"	3.25147895840563	1.53337762482306	16.6600900864581	1.7296327974169e-10	3.57778422871628e-09	14.1623161950995
"NM_015722_160"	"CALY"	-3.11763801188645	-4.28797576854968	-16.6535668425037	1.73853054343709e-10	3.59000212217776e-09	14.1569122776019
"NM_152439_2633"	"BEST3"	3.2378663012398	2.60610197378042	16.6152164549248	1.79184056877877e-10	3.67327316599648e-09	14.1251023758584
"NM_152695_3549"	"ZNF449"	-3.31339835854722	-2.72600519716078	-16.5892763627996	1.82888901597589e-10	3.74379669044557e-09	14.1035473211867
"NM_052938_1594"	"FCRL1"	3.32690117328443	2.53652104633901	16.5004656185576	1.96206425500046e-10	3.96336078651499e-09	14.0295104515141
"NM_006309_1996"	"LRRFIP2"	-3.43071203498089	-2.81673707471598	-16.4832432733282	1.98907050104769e-10	3.99650599961926e-09	14.0151100444331
"NM_003524_361"	"HIST1H2BH"	-4.18082087174157	-4.27978988247738	-16.4569020200212	2.03114796859549e-10	4.0694883875047e-09	13.993057725848
"NM_005806_2256"	"OLIG2"	-3.32296225420952	-2.00203503772444	-16.2615795513063	2.37449257573965e-10	4.64553215544084e-09	13.8285046845757
"NM_182489_755"	"STRA8"	3.28466355894135	2.61561248052678	16.2116870126621	2.47181264905337e-10	4.7895602631315e-09	13.7861770704177
"NM_014099_491"	"FOXN3-AS2"	4.23398727243908	3.05990809370255	16.1949401906559	2.50542804899438e-10	4.84805468577641e-09	13.771942349666
"NM_001541_755"	"HSPB2"	-5.25782324814528	-4.76830583224057	-16.1701007522065	2.55619095365469e-10	4.92606553670921e-09	13.7508037565928
"NM_080722_3210"	"ADAMTS14"	4.07000638754163	4.40335156334585	16.1478778496391	2.6025393687193e-10	4.99496870699247e-09	13.731866303874
"NM_152411_2656"	"ZNF786"	-3.11093003804258	-3.03363260393113	-16.134275115387	2.63135222136237e-10	5.03660042911647e-09	13.7202626747748
"NM_007256_3535"	"SLCO2B1"	-6.70758750165094	-3.63676438850635	-16.114126483942	2.67465897689747e-10	5.07145458823253e-09	13.7030584724793
"NM_003845_1740"	"DYRK4"	-3.39431753250747	-2.96748591439971	-16.0736160539057	2.76405469055646e-10	5.19822528187842e-09	13.6684076110837
"NM_004375_2074"	"COX11"	3.37814109238327	2.59818157085329	16.0605731895068	2.79351256590851e-10	5.23367354235442e-09	13.6572340878439
"NM_020457_914"	"THAP11"	-3.30469982777177	-4.07564241589549	-16.0348934512487	2.85249715128437e-10	5.32091436841659e-09	13.6352102568121
"NM_004833_1301"	"AIM2"	-3.14096924662535	-2.97792551150888	-16.0148716912515	2.89940946912554e-10	5.3892440132432e-09	13.6180162325362
"NM_002390_2558"	"ADAM11"	-4.93422756787253	-2.37696321619052	-16.0102406280825	2.91037741581957e-10	5.39545066143746e-09	13.6140363952864
"NM_138394_1810"	"HNRNPLL"	-3.99240490261982	-2.88108063067454	-15.9668855618846	3.01523560776908e-10	5.54622986630607e-09	13.5767262160916
"NM_130466_5572"	"UBE3B"	-3.39279002333869	-3.29483702994921	-15.9117099160518	3.15456144023124e-10	5.77995745752213e-09	13.5291078387181
"NM_005085_6456"	"NUP214"	3.23000303326581	2.62663637074716	15.8554032216593	3.3038656640886e-10	5.98529247266194e-09	13.4803557645106
"NM_005898_3388"	"CAPRIN1"	3.3068056712911	3.08422161093822	15.8470654047976	3.32660914751246e-10	5.98750683711823e-09	13.4731230395276
"NM_024938_1721"	"PCNXL2"	3.2806010208948	2.64941979042161	15.8001950611027	3.45761478057403e-10	6.18770237211487e-09	13.43239940143
"NM_020803_3479"	"KLHL8"	-4.34389677551587	-3.84315761138358	-15.7992844765024	3.46021391045802e-10	6.18770237211487e-09	13.4316071303152
"NM_020243_877"	"TOMM22"	-6.19206992175485	-4.62704668124005	-15.7902167267043	3.48621075050044e-10	6.22631957901877e-09	13.4237152669543
"NM_003046_258"	"SLC7A2"	-3.89276797590507	-4.07996993606619	-15.7519704021582	3.59818176066308e-10	6.39400515132906e-09	13.3903825970153
"NM_175060_1795"	"CLEC14A"	3.41395135689918	2.63516489803785	15.6498277636772	3.91649552855521e-10	6.85629074893731e-09	13.3009958205771
"NM_022147_660"	"RTP4"	3.30570673252732	3.49304968807757	15.6161783538131	4.02784807675366e-10	7.02514316222941e-09	13.2714310498069
"NM_004385_1G07"	"VCAN"	3.59698323888113	2.77900729929254	15.6034876123618	4.07071914782371e-10	7.06507022649893e-09	13.2602655999626
"NM_014904_5725"	"RAB11FIP2"	-3.17449793123356	-1.92655571517271	-15.5685810049014	4.1911745899246e-10	7.22977616761993e-09	13.2295112893868
"NM_003280_262"	"TNNC1"	3.56552063717981	2.79376235864342	15.5613680845707	4.21653673598723e-10	7.26100093538524e-09	13.223148481109
"NM_024688_2613"	"CCDC7"	-3.90625256277461	-3.97678922493042	-15.5605163492579	4.21954243116767e-10	7.26100093538524e-09	13.2223969521768
"NM_172004_360"	"CLECL1"	-4.74357347416891	-5.35505024783036	-15.5457556936935	4.27199688047161e-10	7.32453283324496e-09	13.2093668787802
"NM_002555_1380"	"SLC22A18"	3.55646564630086	3.11467729100947	15.4977404376618	4.44750516004222e-10	7.58865627126626e-09	13.16690236266
"NM_004885_970"	"NPFFR2"	-5.2029713184929	-4.86145227046512	-15.4369427497278	4.6808739301442e-10	7.89165217424193e-09	13.1129596069915
"NM_015046_1902"	"SETX"	3.70743914495342	3.1536364461434	15.3881366801718	4.87768352410286e-10	8.17474329957761e-09	13.0695153385011
"NM_005471_2018"	"GNPDA1"	-3.5275231569911	-3.90407538412574	-15.3542008725595	5.0197329986368e-10	8.36326540232244e-09	13.0392332652916
"NM_153238_1466"	"LINC00311"	-3.04742369590549	-2.92160060449871	-15.3329508418463	5.11092888812531e-10	8.48522172799678e-09	13.0202399416716
"NM_000806_488"	"GABRA1"	-3.66972653829598	-4.02713978530183	-15.3190390146825	5.17159064149037e-10	8.53330139559661e-09	13.0077924740878
"NM_173167_2496"	"UNC45B"	-4.36987653208725	-4.2000343324542	-15.3129191982319	5.19851911276367e-10	8.54042425668318e-09	13.0023135554852
"NM_005384_1783"	"NFIL3"	-5.50255204795111	-4.36342354146138	-15.2697587331933	5.39274331712517e-10	8.82874470147402e-09	12.9636161328094
"NM_002904_1064"	"NELFE"	-4.92977620974959	-2.91721230877187	-15.2415318170138	5.52395168356499e-10	8.99151859194784e-09	12.9382539525386
"NM_022469_1779"	"GREM2"	4.23486015732219	0.0670790134080633	15.230174863241	5.57770175647881e-10	9.05816203735852e-09	12.9280375072897
"NM_024790_1232"	"CSPP1"	4.90664114385057	0.281186777669046	15.1595375534171	5.92481953757402e-10	9.54516769464516e-09	12.8643373183109
"NM_018026_2661"	"PACS1"	3.41196249351773	2.6558272278976	15.1077199173129	6.19411000491992e-10	9.87775490638019e-09	12.817436239733
"NM_005011_1823"	"NRF1"	3.40365050471222	2.69114301072852	15.1016933907313	6.22626839245116e-10	9.90670038371448e-09	12.8119720106995
"NM_174917_2117"	"ACSF3"	5.41343035389232	4.31166369824388	15.0730647813943	6.38149112893694e-10	1.01422687661588e-08	12.7859874055404
"NM_152350_540"	"LRRC75A-AS1"	-4.43233939724242	-5.68709727853135	-15.0547664549473	6.48286678876029e-10	1.02572875533573e-08	12.7693554816582
"NM_017635_3377"	"SUV420H1"	-3.75344502731483	-3.29566958067674	-15.041653189177	6.55657454770957e-10	1.03623180980281e-08	12.7574251034742
"NM_025216_1906"	"WNT10A"	3.32994609819135	2.65706551134744	15.0255224121856	6.64847411008515e-10	1.04608082633097e-08	12.7427364250805
"NM_007031_1414"	"HSF2BP"	3.35874818792058	2.67388949316193	14.9505174013536	7.09424700346917e-10	1.10393975648043e-08	12.6742480302333
"NM_004271_687"	"LY86"	-7.80285503779422	-7.21349810209209	-14.849309435872	7.74706845545327e-10	1.18981849405414e-08	12.5813370793227
"NM_016055_818"	"MRPL48"	-5.63237313355251	-7.34971177526776	-14.8448274680798	7.77742462575475e-10	1.19063571240008e-08	12.577209277304
"NM_000188_3531"	"HK1"	-3.44418391589246	-2.84491622844614	-14.8447955063446	7.77764155714157e-10	1.19063571240008e-08	12.5771798371343
"NM_018383_4443"	"WDR33"	3.49059953912111	2.74879099181875	14.8075863129073	8.03462907878936e-10	1.22204116472554e-08	12.5428671858566
"NM_015878_2084"	"AZIN1"	-3.43042107874601	-2.09491523481485	-14.7491218690063	8.45692186210711e-10	1.27666125655822e-08	12.4887958714712
"NM_015127_752"	"CLCC1"	-3.31213840001722	-2.91290453271412	-14.7082729375935	8.76602010904114e-10	1.31629887943086e-08	12.4509012263871
"NM_153217_604"	"TMEM174"	3.13568667681261	2.05509541931086	14.659656446497	9.1497105466514e-10	1.36377930118424e-08	12.4056766342392
"NM_004251_942"	"RAB9A"	3.00280815955974	3.13804610084527	14.645013074995	9.26876606169426e-10	1.3786193053908e-08	12.3920283662182
"NM_022054_2272"	"KCNK13"	3.17122374601885	1.54317190961382	14.4965776012432	1.05734808747539e-09	1.53712114052819e-08	12.2529809788248
"NM_017503_538"	"SURF2"	-4.93471930922271	-5.20082498289721	-14.4785179619582	1.07451433754379e-09	1.55685443404656e-08	12.2359761548228
"NM_017696_1477"	"MCM9"	3.40724074064858	2.65511446246614	14.3975424509934	1.1552289868185e-09	1.64559053560399e-08	12.1594949790651
"NM_003972_5958"	"BTAF1"	3.03153353783688	2.85738572437276	14.3575420952696	1.19746947314766e-09	1.69891732173256e-08	12.12157207013
"NM_001081_9600"	"CUBN"	-5.54316370739724	-5.12855245603576	-14.3241807300728	1.23396157605396e-09	1.74369495437395e-08	12.0898707825917
"NM_024913_2359"	"CPED1"	-4.09288426142048	-3.43472802961725	-14.2741809913218	1.2908957613702e-09	1.81688761637627e-08	12.0422349060765
"NM_032599_1474"	"FAM71F1"	5.62908614137507	3.10021391889467	14.2311446012724	1.34215004376109e-09	1.88015812120795e-08	12.0011133488816
"NM_014265_1846"	"ADAM28"	-3.3402022156738	-1.63653879051284	-14.0933332217164	1.52144023753179e-09	2.09159195701126e-08	11.8686814179287
"NM_000733_1A02"	"CD3E"	-3.96639046799745	-2.92186213294574	-14.0925231525971	1.52256683666584e-09	2.09159195701126e-08	11.8678995575125
"NM_007124_9918"	"UTRN"	3.0140870321988	1.51802463499159	14.0210052760545	1.62563031230899e-09	2.20888960303656e-08	11.7987137015799
"NM_153763_1857"	"KCNC4"	-3.57563574338434	-5.59839757961875	-13.8581619776701	1.88916145923145e-09	2.50428839386786e-08	11.6400012044958
"NM_004865_1131"	"TBPL1"	-3.65398379301151	-2.13827379104405	-13.8572096050452	1.89083068550787e-09	2.50428839386786e-08	11.6390681282584
"NM_144583_2172"	"ATP6V1C2"	-3.28922446971352	-2.21514388414574	-13.814588730182	1.96716921832301e-09	2.59325336376319e-08	11.5972524770054
"NM_024558_1678"	"VCPKMT"	-3.35827521296019	-2.34237216095631	-13.7759334261709	2.03925553524118e-09	2.66787016306894e-08	11.5592284849028
"NM_001274_1873"	"CHEK1"	3.6658066336879	2.16475436031385	13.7080118945956	2.1728423672643e-09	2.81712697387291e-08	11.4921868671369
"NM_024847_2166"	"TMC7"	3.23555928422512	-0.782599714621225	13.5348936156161	2.55744872276955e-09	3.25608570509228e-08	11.3199750592231
"NM_013443_2355"	"ST6GALNAC6"	3.63593223945182	3.60639303168336	13.4725947236602	2.71312973375524e-09	3.41130845190826e-08	11.2575272967919
"NM_005950_262"	"MT1G"	3.57956165878536	2.10427666161335	13.2395394076229	3.39155397185284e-09	4.12498116353039e-08	11.0216452524886
"NM_017836_1123"	"SLC41A3"	-3.15605960131201	-2.21191615064978	-13.2244650833087	3.44127137841835e-09	4.18185426526869e-08	11.0062632810342
"NM_032312_285"	"YIPF4"	3.51512971693671	2.8028138033389	13.1823832251458	3.5842271981717e-09	4.32215632720705e-08	10.9632414330701
"NM_021639_2225"	"GPBP1L1"	3.47910381117845	2.72512375757353	13.1764727642878	3.60480801754082e-09	4.33957526877574e-08	10.9571893552425
"NM_013437_3949"	"LRP12"	3.75524616247608	4.05497171916891	13.1747601220573	3.61079515942917e-09	4.34308652467055e-08	10.9554352350117
"NM_006907_1736"	"PYCR1"	-3.49911501215204	-4.95995561817991	-12.9658918682997	4.42700545889719e-09	5.1638345790422e-08	10.7400054833534
"NM_014354_1841"	"KIF25-AS1"	4.24174924091798	5.99323099130043	12.8797556959283	4.81911761632944e-09	5.53298852946265e-08	10.6502850670682
"NM_018833_1479"	"TAP2"	-4.14474472204406	-4.13015672197472	-12.7156677881369	5.67242605579728e-09	6.35284770857107e-08	10.477924597045
"NM_021824_1275"	"NIF3L1"	-4.94531764147234	-3.39069753095536	-12.5862861021811	6.458736676465e-09	7.1081741189974e-08	10.3406642516336
"NM_003292_6968"	"TPR"	3.37259595694372	2.60062762406323	12.5707423030894	6.56075871210927e-09	7.20511894276286e-08	10.3240925039948
"NM_182634_1201"	"DPY19L2P2"	-3.63880686884589	-3.29945060143075	-12.5514957288378	6.68947288264057e-09	7.32373017994976e-08	10.3035487526675
"NM_005103_1473"	"FEZ1"	-3.06977469843339	-3.44959172936818	-12.4069924254772	7.74634340364911e-09	8.31350739337e-08	10.1484394972676
"NM_004306_1251"	"ANXA13"	-4.85929385332423	-4.30567259675967	-12.333385655815	8.35196792831556e-09	8.88260047714463e-08	10.0688367202441
"NM_182398_1464"	"RPS6KA5"	-4.86466915431401	-6.14634891417543	-12.2713005362351	8.90209413764859e-09	9.36905666495828e-08	10.001379226552
"NM_152279_2768"	"ZNF585B"	3.67821020849564	2.1653655907297	12.2239419125967	9.34768460916174e-09	9.79429620715503e-08	9.94972739254622
"NM_001104_2734"	"ACTN3"	4.62606453435271	4.15486144577843	12.1277950831788	1.03271873526884e-08	1.06470892932782e-07	9.84434080356981
"NM_025237_1694"	"SOST"	-3.44274752075031	-4.92875201892207	-12.0601704289079	1.1081403789168e-08	1.13338001878367e-07	9.7697934667206
"NM_176817_662"	"TAS2R38"	-3.04833702674197	-2.82887403476427	-11.9805900068621	1.20449444079894e-08	1.20826239930407e-07	9.6816137169852
"NM_014569_3674"	"ZKSCAN5"	3.33529588888535	2.843922302449	11.7732829851792	1.49997999425361e-08	1.45722644359322e-07	9.44957431739588
"NM_004977_2415"	"KCNC3"	-3.48819855278205	-3.57687216306079	-11.632492501523	1.74419166601728e-08	1.66026858114498e-07	9.29003316399416
"NM_033103_2480"	"RHPN2"	-3.0321219707373	-2.23375589203305	-11.563851817164	1.87832569872467e-08	1.76537654541266e-07	9.21166809639323
"NM_014285_461"	"EXOSC2"	-3.9299132324396	-2.4980660816829	-11.3517400496005	2.36705824166057e-08	2.15180198125249e-07	8.9670512868662
"NM_018168_2161"	"C14orf105"	-3.07095402088446	-6.85804458955965	-11.3346610690634	2.41192097397411e-08	2.18046596863541e-07	8.94719173658261
"NM_002638_348"	"PI3"	3.09418942853935	1.70541081168602	11.2156501323939	2.75083454240835e-08	2.44566653691805e-07	8.80811986163849
"NM_145204_569"	"SENP8"	3.46019589469874	1.96831425171957	11.0722119324946	3.228103391612e-08	2.82384183514853e-07	8.63889260372049
"NM_014162_17"	"LINC00652"	-3.28020793294439	-4.12448103510643	-11.0612158246652	3.26816704103411e-08	2.84831933428389e-07	8.62584602855959
"NM_014641_6841"	"MDC1"	3.42582152726884	3.86846634284984	10.9081429325392	3.88442412489603e-08	3.30010511599747e-07	8.44312949203229
"NM_001057_1023"	"TACR2"	-3.25234088084741	-1.85831352429292	-10.7363290708788	4.72665084419268e-08	3.92131825167774e-07	8.23556490723533
"NM_000904_638"	"NQO2"	-4.25301254578926	-3.63282753495304	-10.7033139568466	4.90970928939748e-08	4.05890344234526e-07	8.19537554957809
"NM_003289_995"	"TPM2"	-3.00262460789041	-1.69062882596931	-10.5847993964124	5.63159689304101e-08	4.58336812727647e-07	8.05028831238834
"NM_152538_1611"	"IGSF11"	-7.32279078490875	-6.39558560178456	-10.5295765058629	6.00583407234362e-08	4.84888829642126e-07	7.982242319119
"NM_031209_274"	"QTRT1"	-3.07969040794185	-2.13621071234828	-10.434720503932	6.71184221431156e-08	5.35537743231979e-07	7.86469821667096
"NM_006533_424"	"MIA"	3.79858997428102	3.03028766449981	10.2893157358897	7.97096351636136e-08	6.19842105216775e-07	7.68287107447168
"NM_014155_1937"	"ZBTB44"	-3.17232972915153	-2.09508023571287	-10.0452443034725	1.06839592410056e-07	7.9623078748169e-07	7.37310184150764
"NM_001483_715"	"GBAS"	-4.83640990257871	-3.33301054901957	-9.86782821326766	1.32656408431333e-07	9.56871441744626e-07	7.14426037269935
"NM_005264_2478"	"GFRA1"	3.43353833018472	1.25702599998425	9.75239177905627	1.52964034055784e-07	1.08075737348605e-06	6.99366925099177
"NM_032300_945"	"TCHP"	-3.98985077292246	-3.58807775333187	-9.71647005329095	1.59938824768964e-07	1.12330420871747e-06	6.94653192680517
"NM_000817_3297"	"GAD1"	-5.42544536384603	-3.61666435070448	-9.59393671891681	1.86389955247152e-07	1.28233750825436e-06	6.78474420578923
"NM_021070_2862"	"LTBP3"	-3.42841371723124	-1.74892793253094	-9.54373708226326	1.98536268305433e-07	1.35274350442213e-06	6.71801403213877
"NM_025245_1289"	"PBX4"	-5.69389450861734	-6.53414144462112	-9.53600618234826	2.00480396289568e-07	1.36336307957497e-06	6.70771403745442
"NM_031886_3526"	"KCNA7"	-3.00463528788243	-3.04727098304279	-9.4734315751056	2.1698131778941e-07	1.45874559892168e-06	6.6241145866615
"NM_005093_6601"	"CBFA2T2"	-3.32235462115251	-3.1598194213225	-9.22368901111942	2.98703211597725e-07	1.92490065059218e-06	6.28632426757645
"NM_032147_2652"	"USP44"	-4.64244722418356	-4.64780151282374	-9.17392318158078	3.18592638334539e-07	2.03637273802171e-06	6.21821200820566
"NM_005098_829"	"MSC"	3.90435280701014	2.77225530097043	8.55793274346352	7.23274580380908e-07	4.11037321795418e-06	5.35231155277435
"NM_021020_5123"	"LZTS1"	3.01602582942135	4.06434684533154	8.30521900656536	1.0249043118323e-06	5.58231478277549e-06	4.98443728152879
"NM_147198_471"	"WFDC9"	3.23278259049456	3.17119415893272	8.14758777267466	1.27859685458524e-06	6.79915507823617e-06	4.75111622423413
"NM_000961_5227"	"PTGIS"	-3.78046450745173	-3.18654148521872	-8.11049946289954	1.34746524858572e-06	7.11455615574653e-06	4.69578201361628
"NM_002862_3439"	"PYGB"	3.5838707979814	3.34858775561852	7.89681176059139	1.82886283064421e-06	9.31359880200607e-06	4.37368200566832
"NM_002813_874"	"PSMD9"	-3.04400485449504	-1.81289283948146	-7.64297846501549	2.64793698741915e-06	1.28579020552845e-05	3.9836768831184
"NM_003536_354"	"HIST1H3H"	-4.023895379591	-5.90801251114634	-7.22559407212351	4.95263322835518e-06	2.2482348207665e-05	3.32449307215525
"NM_173546_1824"	"KLHDC8B"	-5.42171589684966	-6.46665591888753	-6.99903445495899	7.02322019422364e-06	3.06899751767975e-05	2.95716219469126
"NM_004596_790"	"SNRPA"	-3.00192051406322	-2.79247277879143	-6.07807425278634	3.11943787423772e-05	0.000114877502554263	1.39330248808031
