"ID"	"ID0"	"logFC"	"AveExpr"	"t"	"P.Value"	"adj.P.Val"	"B"
"16912"	"NM_018066"	"NM_018066_1375"	5.20994368301995	-0.0930219338790103	52.5580106832241	8.08911312980539e-29	1.84075858381851e-24	53.7266093424419
"13175"	"NM_020933"	"NM_020933_3783"	4.68906912626214	-0.00207220253312682	39.289219987284	1.9490919282682e-25	2.21767679598356e-21	47.252458815116
"5886"	"NM_175575"	"NM_175575_952"	2.86791986043499	-0.00324129877224079	36.5732402353214	1.31230929313226e-24	7.85034584634684e-21	45.5651912531678
"14228"	"AK094430"	"AK094430_2137"	3.37690746207886	0.0270267739585674	36.5041996380718	1.379916654306e-24	7.85034584634684e-21	45.520286757698
"5419"	"NM_031487"	"NM_031487_4380"	3.64638395896155	-0.0928765040049464	33.051939440834	1.92551855473157e-23	8.76342004629432e-20	43.1338355279495
"20638"	"BC036902"	"BC036902_1158"	1.82766002659428	-0.00724125931736699	32.664143028967	2.63149433403346e-23	9.98038084421092e-20	42.8472895694506
"15353"	"NM_004610"	"NM_004610_1418"	4.38266149830627	-0.0811560778122288	30.7501293936531	1.29721583184081e-22	4.21706335276708e-19	41.3725528328897
"21088"	"NM_003162"	"NM_003162_2388"	-2.76686778717795	-0.0926961700309431	-29.8403173196582	2.86274337412646e-22	8.1430735277027e-19	40.6341403418517
"21194"	"XM_290972"	"XM_290972_2825"	2.24049671981524	-0.0702071619480282	29.2328855280289	4.91866507869641e-22	1.24365713923128e-18	40.1268311135208
"21336"	"NM_003222"	"NM_003222_2680"	2.85835118393767	-0.00910396269679012	29.0124847850343	6.00172763785047e-22	1.36575314126925e-18	39.9398290434145
"7020"	"NM_016333"	"NM_016333_8828"	2.56215357746263	-0.0928708025008305	28.1844839915291	1.28403642339347e-21	2.65632116824924e-18	39.2228982883212
"20793"	"NM_021940"	"NM_021940_2821"	4.04136324234848	-0.00953667011937612	28.0363453637802	1.47444779524824e-21	2.77950065782373e-18	39.092174346651
"1058"	"BC038539"	"BC038539_35"	-2.12872701629411	-0.0151893524074118	-27.9572509050516	1.58786731199282e-21	2.77950065782373e-18	39.0220660616836
"19959"	"BC039509"	"BC039509_229"	3.30188329278166	-0.0621694677137228	26.9498190443163	4.15305284131931e-21	6.75049074693302e-18	38.1096084415027
"17458"	"NM_015959"	"NM_015959_1061"	4.18450039837293	-0.0458332129727062	26.7140038704942	5.22643142049777e-21	7.92884489365648e-18	37.890661560684
"20681"	"AK090966"	"AK090966_1172"	2.65207174417991	-0.0430948265241411	26.3602462203904	7.40496806152336e-21	1.05317158255016e-17	37.5582647502673
"8647"	"NM_016616"	"NM_016616_2080"	3.16093140487036	-0.0210897516246819	25.7508924174769	1.36345676338338e-20	1.78675614120942e-17	36.9743206375054
"19835"	"AL133577"	"AL133577_681"	3.47700191120805	0.008193206737877	25.715445168685	1.41332442176875e-20	1.78675614120942e-17	36.9398985613638
"4024"	"NM_007038"	"NM_007038_5409"	3.22052413646932	-0.146870851920511	24.8555832746448	3.4267274875466e-20	4.10413740561108e-17	36.089141144648
"8770"	"XM_040527"	"XM_040527_4529"	2.48117739496923	0.0457492501786785	24.6435481860887	4.28162772415785e-20	4.87163602454681e-17	35.8745824428372
"9699"	"XM_352922"	"XM_352922_1794"	-3.06866168281117	-0.0655864053388929	-24.2917160769391	6.22028341502516e-20	6.43403497237784e-17	35.5142669462134
"5502"	"AK097541"	"AK097541_1578"	1.36833189516343	-0.0510733920533521	24.2383109385982	6.58595608323237e-20	6.51608767956678e-17	35.459098923859
"18633"	"XM_351082"	"XM_351082_654"	-1.40844908766262	0.0269719150251891	-24.1231406306964	7.45230007431963e-20	7.0660225204674e-17	35.3396955678764
"17888"	"NM_000511"	"NM_000511_600"	-2.06593686914241	-0.0416723734941038	-24.0641822197731	7.9406632167181e-20	7.22790928638548e-17	35.2783409027078
"5673"	"NM_005475"	"NM_005475_5085"	2.01823391675603	0.030243555181948	23.742397623341	1.12565495577366e-19	9.85207852830205e-17	34.9407109306266
"12251"	"NM_024847"	"NM_024847_2166"	4.14510126914078	-0.120672624144507	23.1200956474558	2.23805270239829e-19	1.88626397391761e-16	34.2741862708125
"7716"	"NM_001731"	"NM_001731_593"	1.43560348427542	-0.010454273626949	22.8122432716677	3.16392760042461e-19	2.5713691598308e-16	33.9376434195831
"3485"	"NM_002046"	"NM_002046_1E01"	-1.57987796121112	-0.0525636787421865	-22.6705094697645	3.71593469410663e-19	2.91585551376174e-16	33.7811459604539
"7620"	"NM_022469"	"NM_022469_1779"	4.31446925974153	-0.134150264881608	22.5925783425319	4.0610480526346e-19	3.08044031619177e-16	33.6946742588393
"13447"	"NM_014331"	"NM_014331_2306"	-2.0543971973626	-0.0464747558037907	-22.5405103912171	4.30997594211968e-19	3.16380040447985e-16	33.6367318138059
"22356"	"XM_031561"	"XM_031561_515"	2.02075762984753	0.117427389795859	22.51263561118	4.4496799554179e-19	3.16427865829656e-16	33.6056564857551
"17711"	"NM_016124"	"NM_016124_1431"	2.24110730680947	0.0121934849609201	22.4442181445873	4.81280609141761e-19	3.31879440655452e-16	33.5292184051259
"4867"	"BC014097"	"BC014097_1880"	-1.77277868418192	0.0172078621511917	-22.19804843464	6.3938381235053e-19	4.2793582452496e-16	33.2522345231252
"11992"	"NM_018261"	"NM_018261_3119"	2.1980173830466	0.0433005048529741	21.7209757068893	1.11783877259045e-18	7.16487200841494e-16	32.706563526709
"9706"	"NM_016932"	"NM_016932_2047"	-1.48949237478244	-0.00186120215571062	-21.6971234511845	1.14983185859478e-18	7.16487200841494e-16	32.6789684196052
"2576"	"NM_024672"	"NM_024672_1783"	4.39586402780636	0.00718401362198526	21.6860766085188	1.1649686426057e-18	7.16487200841494e-16	32.666177896933
"16415"	"NM_052949"	"NM_052949_2579"	-1.37451288652615	0.000504691294803973	-21.4914974407221	1.46820463497483e-18	8.79222754565451e-16	32.4398178540418
"20036"	"XM_353040"	"XM_353040_601"	2.0894093579417	0.0322498006634078	21.440678952808	1.56013050176164e-18	8.98610388891192e-16	32.3803642336143
"1161"	"AJ227900"	"AJ227900_429"	1.73634515519216	-0.0448731064935852	21.4303363076642	1.57955772348601e-18	8.98610388891192e-16	32.3682470615309
"12975"	"AK001117"	"AK001117_3643"	2.56896553510804	0.0669965746820258	21.2928498853668	1.86295033763536e-18	1.03398287520074e-15	32.2066196604276
"10336"	"XM_351038"	"XM_351038_345"	-1.37999980755843	-0.0091508446900197	-21.1941700397136	2.09842551078616e-18	1.13694692674881e-15	32.08997610193
"9497"	"XM_352892"	"XM_352892_1293"	2.37856316140472	0.00221621306153513	20.792814394772	3.42270369109685e-18	1.81132663243256e-15	31.6099869506172
"20888"	"NM_024790"	"NM_024790_1232"	4.7314302904234	-0.00349055537740582	20.7540318046708	3.58998813775472e-18	1.85667659233514e-15	31.5631258800052
"1692"	"XM_085870"	"XM_085870_650"	1.35924662123702	0.00292566658396863	20.7274970617627	3.70929854097179e-18	1.8757510577412e-15	31.531014575261
"7484"	"NM_020535"	"NM_020535_1482"	2.60709347613366	-0.0316860886997255	20.6156042330769	4.25935017339263e-18	2.10708201186354e-15	31.3951634528377
"7429"	"NM_002663"	"NM_002663_3386"	-1.44160722382356	0.042663352965416	-20.5954420335284	4.36711683158575e-18	2.11442788552267e-15	31.3706077367265
"4384"	"NM_022760"	"NM_022760_1558"	-2.82258861769233	-0.0425496506817189	-20.4386023248339	5.30798016267353e-18	2.51642492878748e-15	31.1787886592643
"12425"	"NM_152261"	"NM_152261_2978"	-2.45062094588643	-0.0816667614628345	-20.3249710911684	6.11898210616415e-18	2.71641805764397e-15	31.0389195146386
"10373"	"XM_351870"	"XM_351870_271"	-1.32749913035141	-0.00261063988188903	-20.3229169274392	6.13476968027207e-18	2.71641805764397e-15	31.0363840668164
"13222"	"XM_352800"	"XM_352800_3"	2.91105040840015	-0.14467892732783	20.3203831802394	6.15430122871692e-18	2.71641805764397e-15	31.0332563286772
"7326"	"NM_030633"	"NM_030633_1114"	-1.43041298114963	-0.0399302110976536	-20.3135471902242	6.20731846534919e-18	2.71641805764397e-15	31.0248158804732
"19746"	"BC051703"	"BC051703_3751"	2.78628333249381	-0.101949108662311	20.0858534257582	8.27219844779529e-18	3.5517386392081e-15	30.7420998576981
"4262"	"XM_058097"	"XM_058097_1879"	3.13051699183475	-0.124064149177125	20.0223737892004	8.96629096214595e-18	3.77846142841839e-15	30.6627290067768
"2826"	"AF194971"	"AF194971_829"	-2.46942765011414	-0.0381257284987067	-19.93612909329	1.00071374000931e-17	4.14040761230032e-15	30.5545052815161
"13494"	"NM_145029"	"NM_145029_1402"	2.52649322529359	0.0728556967310526	19.7102189237674	1.33693586689261e-17	5.25062966676664e-15	30.2688785486424
"3460"	"NM_080745"	"NM_080745_531"	2.62351063614993	-0.0179295838549942	19.7094454481974	1.33826911879269e-17	5.25062966676664e-15	30.2678952393258
"6784"	"NM_018168"	"NM_018168_2161"	4.21406398304751	0.0832771817596767	19.6373090256485	1.46886070024385e-17	5.6653210330083e-15	30.1760266736394
"16348"	"NM_021976"	"NM_021976_881"	-1.48949684649958	0.00574063214781313	-19.4878540236101	1.78309406100664e-17	6.65181777906016e-15	29.9846608353801
"2123"	"NM_153763"	"NM_153763_1857"	2.58624671053069	-0.182133638805941	19.4576109959712	1.85472601008319e-17	6.80744275571824e-15	29.9457669554195
"12005"	"NM_001892"	"NM_001892_1701"	2.33237552946547	0.0563603424554009	19.2672904730242	2.37935713761892e-17	8.46010172244625e-15	29.6996807321783
"175"	"NM_002040"	"NM_002040_1833"	1.62475478711883	-0.0274629191746832	19.2492660318972	2.43642469802093e-17	8.52973545048682e-15	29.6762556371486
"13336"	"NM_145308"	"NM_145308_354"	1.39867713939189	-0.0613416844461759	19.2252375392198	2.51471146106254e-17	8.67042030423322e-15	29.6449951971883
"3997"	"NM_020834"	"NM_020834_1288"	1.80082044834669	-0.00955362014879604	19.0483670755791	3.1772525855854e-17	1.07912775876987e-14	29.4137488983418
"11703"	"NM_006918"	"NM_006918_1533"	-1.85018908834132	-0.0529370240862585	-18.998756305978	3.39380019134969e-17	1.12541522075966e-14	29.3485224980965
"10441"	"NM_006254"	"NM_006254_1048"	2.11471021345327	-0.0623302089393683	18.9946384276086	3.41244727686836e-17	1.12541522075966e-14	29.3431012603927
"18345"	"NM_006425"	"NM_006425_1846"	-1.35551378707852	0.0141802109176724	-18.9083770851494	3.82840943649166e-17	1.24456121624006e-14	29.2292823523867
"1755"	"BC007671"	"BC007671_2873"	1.30097482965668	-0.0605121374119179	18.8627032403726	4.06955676461792e-17	1.3043216019105e-14	29.1688196265483
"4311"	"NM_030775"	"NM_030775_2134"	2.1596510322182	-0.114820183513	18.7631831007587	4.6509748619245e-17	1.45825701911682e-14	29.0365987128567
"19120"	"AK055670"	"AK055670_1587"	4.48123540883641	-0.0341890703996038	18.7512150150953	4.72646494118225e-17	1.45825701911682e-14	29.0206538858763
"13437"	"AK024382"	"AK024382_2756"	2.18852157233051	-0.0465771188677005	18.7487624093347	4.74209085140817e-17	1.45825701911682e-14	29.0173851556641
"19886"	"XM_294997"	"XM_294997_883"	-3.67614691765805	-0.136552314098623	-18.6451248661884	5.45367372884945e-17	1.63294472860129e-14	28.8788948015172
"20318"	"BC007399"	"BC007399_118"	1.58722484903857	0.0137542543415506	18.6191224710346	5.64896724086238e-17	1.66945322770214e-14	28.8440351407505
"3156"	"NM_177456"	"NM_177456_696"	2.80401398110018	-0.0907047757447676	18.5511783636133	6.19415634316987e-17	1.8071054069894e-14	28.7527323622089
"4915"	"XM_208220"	"XM_208220_5286"	1.44360418534878	-0.0947723395032904	18.4800934914877	6.82307156999709e-17	1.96539008413739e-14	28.6568751881729
"17153"	"XM_167147"	"XM_167147_657"	-2.3596388339134	-0.0774208909326621	-18.4488283345318	7.12025702417697e-17	2.02535711052714e-14	28.6146058730737
"4429"	"NM_018122"	"NM_018122_2064"	2.35255468066063	0.0941771385181388	18.2525960117208	9.3180641114419e-17	2.58587642585332e-14	28.3477800837587
"6501"	"BC033959"	"BC033959_396"	-3.15004731480992	-0.0772825531172947	-18.1684877365458	1.04647815736652e-16	2.86911529506417e-14	28.232601017005
"15750"	"NM_003896"	"NM_003896_2099"	-1.6828860352378	-0.0168661453872159	-18.0623357004755	1.21235602214272e-16	3.24569101645645e-14	28.0865310146309
"1539"	"BC008503"	"BC008503_709"	-1.85266906318097	-0.0925408781839814	-18.0238415031151	1.27903233022929e-16	3.37453345946221e-14	28.0333660024487
"12909"	"AK057725"	"AK057725_1916"	1.30754783188116	-0.0356656510420152	18.017630503187	1.29014067047465e-16	3.37453345946221e-14	28.0247781048564
"14666"	"NM_000742"	"NM_000742_286"	-1.54248526669285	-0.0152728916660369	-17.9199452007313	1.47859381329916e-16	3.82350918357223e-14	27.8893507317638
"3929"	"NM_178498"	"NM_178498_1657"	-1.52180504958086	-0.101387923083269	-17.896614071505	1.52767727338753e-16	3.90604764418052e-14	27.8569051588976
"15803"	"U44486"	"U44486_53"	-1.71009577765443	-0.0720205157533464	-17.8338401631337	1.66828139239606e-16	4.17180344674337e-14	27.7694155956269
"11047"	"NM_031210"	"NM_031210_298"	2.24524707144636	-0.0492162124991186	17.7873648807185	1.78095367945569e-16	4.40515020974933e-14	27.7044602105676
"974"	"NM_178463"	"NM_178463_790"	-1.5514173836347	0.102916736490651	-17.6718416480131	2.09641898810113e-16	5.12968930034724e-14	27.5423276081515
"17207"	"NM_005385"	"NM_005385_7023"	1.62120101421163	-0.0118002620829458	17.5300378637759	2.56420775806524e-16	6.20756507899283e-14	27.3419870935127
"2441"	"NM_015099"	"NM_015099_4425"	2.22042679716106	-0.0290205609351723	17.4860758809338	2.73019433145346e-16	6.52901235896995e-14	27.2795787838308
"5390"	"X84340"	"X84340_260"	-2.14958109027385	-0.0833159214886724	-17.4799035053827	2.75437329258708e-16	6.52901235896995e-14	27.2708051159582
"1920"	"NM_144642"	"NM_144642_2235"	2.30329461723535	-0.112936220302942	17.4493542459688	2.87734436782497e-16	6.75019056022939e-14	27.2273397973114
"4941"	"NM_004585"	"NM_004585_684"	2.57846386872623	-0.0625313839220599	17.4204422524051	2.99895564760553e-16	6.9513204075601e-14	27.1861404941434
"10261"	"NM_004412"	"NM_004412_307"	1.80155502232217	0.001868974645746	17.401844671043	3.07997908997516e-16	6.9513204075601e-14	27.1596064316809
"6775"	"NM_182607"	"NM_182607_1522"	-1.87594766629302	0.00106329154234708	-17.4008699359137	3.08428758850557e-16	6.9513204075601e-14	27.1582150233996
"6735"	"AK093521"	"AK093521_540"	-1.80332435552602	-0.0454326949983727	-17.2479699532407	3.84363508605483e-16	8.33007238269179e-14	26.9390785499693
"21089"	"NM_025128"	"NM_025128_2228"	-1.54619281307784	-0.0332228292521967	-17.2180526162708	4.0135486233281e-16	8.53573013761254e-14	26.8959963474537
"11467"	"BC003629"	"BC003629_1267"	-1.58005477649683	-0.0605549945470084	-17.0631342972441	5.02629748056301e-16	1.0493433529146e-13	26.6718262824649
"17"	"NM_014123"	"NM_014123_340"	-1.95938634887749	-0.167767220536657	-16.9698580273742	5.76028011690265e-16	1.19164485763852e-13	26.5359726590172
"9245"	"AJ241404"	"AJ241404_68"	1.83150564419313	-0.0346106797214564	16.8644875263525	6.72421700371205e-16	1.36621680478992e-13	26.3816999811804
"19359"	"NM_006023"	"NM_006023_1124"	2.10602795942449	0.0261185094618087	16.8199583231291	7.18033246253984e-16	1.44475467178652e-13	26.316246705371
"611"	"NM_002248"	"NM_002248_2340"	-1.78143091335562	-0.109418356519379	-16.814561893063	7.23774092914673e-16	1.44475467178652e-13	26.3083040512851
"8730"	"XM_166845"	"XM_166845_649"	-1.90250925090207	-0.0465072110470005	-16.7327431680012	8.16869365481491e-16	1.60247235180145e-13	26.1876021924465
"12002"	"NM_152327"	"NM_152327_2081"	2.10375390392185	0.0256010304475047	16.61616572183	9.71395665094265e-16	1.87331184363433e-13	26.0147162475452
"18870"	"NM_012116"	"NM_012116_649"	2.21976907296031	-0.0637700903535768	16.5548221438886	1.06454829572712e-15	2.03570260651817e-13	25.9233118856636
"21598"	"BC040263"	"BC040263_1547"	1.42538760194957	-0.120270670622702	16.5253440841085	1.11254974194535e-15	2.10976516064236e-13	25.8792820783976
"21044"	"NM_152392"	"NM_152392_967"	-1.34412385363922	-0.103369685347233	-16.5131186603597	1.13310845149606e-15	2.13099305142516e-13	25.8610013074869
"5395"	"BC013072"	"BC013072_914"	-2.86640552374889	0.0935528106875072	-16.4827246545042	1.18593909008217e-15	2.19408373446421e-13	25.8155012175032
"14247"	"NM_014254"	"NM_014254_1227"	-1.49801220432979	-0.0709134136819998	-16.4386650213452	1.26708320014757e-15	2.32530204052888e-13	25.7494123321859
"12018"	"NM_007017"	"NM_007017_2024"	1.52697454438114	0.0118505924091014	16.3712370618987	1.40254125009486e-15	2.5532982949727e-13	25.6479693377517
"8745"	"NM_005134"	"NM_005134_3178"	1.46694318598936	-0.0107740146092795	16.3484038107573	1.45173307925009e-15	2.62187602789008e-13	25.6135344315623
"10144"	"NM_013444"	"NM_013444_1251"	-2.30949522097019	-0.0107200673939268	-16.3242688686483	1.50567104188762e-15	2.69787797080272e-13	25.5770905980801
"21285"	"NM_004891"	"NM_004891_301"	1.77113056568105	0.0397726562775172	16.2841361002202	1.59999211918303e-15	2.84448598938507e-13	25.5163854410084
"5681"	"XM_352302"	"XM_352302_377"	1.58689612029505	0.11243778955628	16.1850559062353	1.8599169465896e-15	3.25571307973791e-13	25.3659542185601
"7378"	"NM_016605"	"NM_016605_3816"	-2.45494873554658	-0.0653133707746755	-16.154849250838	1.94755601948032e-15	3.37347402808902e-13	25.319932348552
"18919"	"BC047080"	"BC047080_2319"	-1.31018813196845	-0.0851831959173393	-16.1517318538306	1.95684026941357e-15	3.37347402808902e-13	25.3151785185554
"21931"	NA	"_EMPTY_"	2.0486825113451	-0.0146959616576723	16.1459944898031	1.97404703876908e-15	3.37754995595709e-13	25.3064273187721
"7410"	"NM_172368"	"NM_172368_1503"	-2.4903068536163	-0.0915552176693013	-16.1349084876544	2.00773904502815e-15	3.39746865066314e-13	25.2895101711985
"15450"	"NM_014763"	"NM_014763_695"	-1.35434791999032	-0.0640917607024167	-16.1275343481747	2.03047871546048e-15	3.39746865066314e-13	25.2782516921987
"11524"	"NM_024719"	"NM_024719_481"	1.84288419549399	-0.0741132064220443	16.0817955500758	2.17759624019923e-15	3.60148439409923e-13	25.2083197384031
"12473"	"NM_018985"	"NM_018985_595"	-1.58979160576136	-0.0875837806665871	-16.0798596624917	2.18406067140839e-15	3.60148439409923e-13	25.2053560677379
"22304"	"XM_088864"	"XM_088864_699"	-1.72042155706242	-0.0152138632791806	-16.0626819671575	2.24229732142935e-15	3.66418149343638e-13	25.1790449695758
"2563"	"NM_032362"	"NM_032362_66"	1.39722702147642	-0.0542649736021219	16.0592028792694	2.25428638197e-15	3.66418149343638e-13	25.1737130709864
"9016"	"NM_025097"	"NM_025097_1051"	-3.49329572528593	-0.0727060025506207	-16.0381773165672	2.32816464518126e-15	3.75742657203863e-13	25.1414688549824
"10999"	"AK094292"	"AK094292_1717"	-1.70616782752974	-0.105891300316349	-15.984187232182	2.52955371011458e-15	4.05369888925123e-13	25.0585029388939
"6734"	"BC041400"	"BC041400_2472"	-1.71944318089436	-0.0424727299722151	-15.9151968628669	2.81338529317693e-15	4.47702068052686e-13	24.9521324267335
"4527"	"XM_353182"	"XM_353182_388"	-2.06300879992548	-0.0289218226206649	-15.8477468342786	3.1227782586281e-15	4.90082358988559e-13	24.8477509957342
"6238"	"NM_005356"	"NM_005356_1H08"	-2.00484146025011	-0.0629437067359107	-15.73649941248	3.7120933386495e-15	5.70759432529108e-13	24.6747522146474
"18176"	"XM_352633"	"XM_352633_1465"	2.00326515083758	0.0157545100121122	15.6576037778497	4.1987923700459e-15	6.36942178925307e-13	24.5514252108401
"20242"	"NM_016109"	"NM_016109_1254"	2.41919233862981	-0.0966215026862176	15.6534005945517	4.22650153883465e-15	6.36942178925307e-13	24.5448400034808
"11880"	NA	"A8_0D04"	-1.47148593503578	-0.0666186648367191	-15.6326605825436	4.36602039362895e-15	6.53287655492026e-13	24.5123240505583
"1663"	"NM_130778"	"NM_130778_4692"	-1.32443735449671	-0.0926826975664739	-15.5344043103583	5.09463706029931e-15	7.38430324485166e-13	24.3577759480511
"18917"	"NM_030629"	"NM_030629_2815"	-1.59333950341524	-0.0849016892269643	-15.4680889245518	5.65646340412298e-15	8.09550196378757e-13	24.2529959401946
"4271"	"NM_001490"	"NM_001490_1959"	1.32923892777456	-0.074594657453531	15.4198128977805	6.10543808745019e-15	8.57625611839608e-13	24.176477907902
"8547"	"XM_290502"	"XM_290502_1648"	1.85919695557228	0.00618942905767295	15.4012766128261	6.28746838165766e-15	8.77776874190194e-13	24.1470436124463
"7028"	"NM_004797"	"NM_004797_3673"	-1.71634236009169	-0.0391560963799712	-15.3299873967463	7.04143257106283e-15	9.77041704799426e-13	24.0335607216168
"4994"	"NM_033503"	"NM_033503_4315"	1.61967439466906	-0.105671261224149	15.2528005509046	7.96383441217013e-15	1.08676760148940e-12	23.9101848562618
"12045"	"NM_152443"	"NM_152443_1318"	-1.4909354080592	0.0177851671967918	-15.2480951414819	8.02395114240312e-15	1.08686328688408e-12	23.902646661046
"124"	"AL162012"	"AL162012_934"	1.49466378406491	0.0186212069740695	15.2150059732618	8.46015735439868e-15	1.13246671033351e-12	23.8495814114651
"13313"	"NM_032671"	"NM_032671_341"	-2.19321054589406	-0.0918173440926724	-15.2013888270536	8.6467151390186e-15	1.14753070901165e-12	23.827715269921
"21843"	"AF086119"	"AF086119_561"	-1.36844537500877	0.0926984111875486	-15.1994551740039	8.67354903981382e-15	1.14753070901165e-12	23.8246089104229
"3910"	"BC012027"	"BC012027_1258"	-1.62906266461761	-0.0968067403723048	-15.1507546632189	9.37851505867157e-15	1.23362710216838e-12	23.746262978985
"1929"	"AK095218"	"AK095218_2406"	-1.50863280865278	-0.0680115371049922	-15.1418317426687	9.51396375440888e-15	1.23714148111616e-12	23.7318854579911
"11989"	"NM_014413"	"NM_014413_2519"	-1.32109347895126	-0.0507330565052957	-15.1103861437189	1.00076261489816e-14	1.28663017314251e-12	23.6811602742063
"19194"	"NM_001519"	"NM_001519_2686"	-1.90545276754122	-0.116202368450655	-15.0747937678726	1.05984352660766e-14	1.35493254446539e-12	23.623638852883
"19356"	"NM_005320"	"NM_005320_177"	1.58353161752099	0.00918992512738748	15.062381487621	1.08128444625787e-14	1.37462060665051e-12	23.6035523754308
"12675"	"NM_001816"	"NM_001816_2097"	-1.53720622931158	-0.0919273963494695	-14.9982110126024	1.19949921933339e-14	1.4915740019208e-12	23.4994852940324
"20125"	"NM_000223"	"NM_000223_1378"	-1.32320116999185	-0.0170517549537927	-14.9576217103702	1.28109248140433e-14	1.58437720145852e-12	23.4334680730178
"7859"	"NM_181646"	"NM_181646_3907"	-1.58707270164382	-0.0146352168127045	-14.8905945904896	1.42860320363783e-14	1.74781153236465e-12	23.3241226253978
"9614"	"NM_002841"	"NM_002841_5532"	2.69833014030887	-0.107763054597981	14.8614244443284	1.49817557935126e-14	1.82312745902232e-12	23.2764075111252
"17742"	"S56528"	"S56528_223"	-1.3659112267707	-0.0300134694474752	-14.8220620086293	1.59764491559731e-14	1.91347408943854e-12	23.2118967588755
"4746"	"NM_001271"	"NM_001271_5251"	-1.56135555769496	-0.104402639771805	-14.8063551434655	1.63921748768474e-14	1.93274783159346e-12	23.1861151952349
"10836"	"XM_352012"	"XM_352012_179"	-1.40875846120844	-0.077253020583902	-14.7820757820685	1.70569022454951e-14	1.98034116070657e-12	23.1462178841732
"14340"	"NM_000359"	"NM_000359_1299"	2.69235558200778	0.0419415741523269	14.7641516138946	1.75654502410569e-14	2.02903241464716e-12	23.116728939561
"789"	NA	"ctr1_ACTB"	-1.89085410435295	-0.0899398219127337	-14.7376164563978	1.83472278927704e-14	2.09803777853207e-12	23.0730186595236
"22503"	"NM_002390"	"NM_002390_2558"	-2.24303260389999	-0.082362819408782	-14.6942997932382	1.97014928975086e-14	2.24163586187852e-12	23.0015248038033
"8496"	"NM_022099"	"NM_022099_680"	-1.90786355681544	-0.0143612657994206	-14.6467679754427	2.13068867478686e-14	2.40029462789355e-12	22.9228732822771
"5210"	"NM_006850"	"NM_006850_786"	1.72819891345147	-0.0587896365291243	14.6091455326179	2.26730357874432e-14	2.54161380482294e-12	22.8604695851703
"12165"	"NM_006388"	"NM_006388_790"	-1.35439394277966	-0.0257003688062672	-14.5999330670009	2.30211402977582e-14	2.56798563046953e-12	22.8451688606207
"12627"	"NM_016565"	"NM_016565_602"	-1.4706549641071	-0.075536450011497	-14.5785715478085	2.38497062832139e-14	2.64743373746739e-12	22.8096595309761
"3507"	NA	"ctr1_ACTB"	-1.71723846715284	0.0620165412419279	-14.5532463658669	2.48720411639212e-14	2.73424236099609e-12	22.7675059359592
"14778"	"NM_032120"	"NM_032120_978"	-1.4427185240993	-0.0351892098530132	-14.3789344172498	3.32546704040628e-14	3.48729621988412e-12	22.4757226261732
"18681"	"AB007896"	"AB007896_4397"	2.11154515111552	-0.000302525181464808	14.3271929749451	3.62680657483843e-14	3.78585368885428e-12	22.3885560209163
"11466"	"NM_182614"	"NM_182614_335"	-3.23632826241552	-0.0297180973399917	-14.2969756748087	3.81569588751009e-14	3.96483906923194e-12	22.3375316850404
"19724"	"BC054098"	"BC054098_1846"	-1.5653802538377	-0.0323797031725895	-14.2354607720876	4.23226178329602e-14	4.31880489420108e-12	22.2333876699162
"15234"	"NM_005762"	"NM_005762_2583"	1.4997932272184	0.137253345882389	14.1496828831193	4.89295760880659e-14	4.88929208723197e-12	22.0875565594729
"17725"	"AB011115"	"AB011115_6105"	-2.44412830067035	-0.0354762862144383	-14.0829439268596	5.48013573216051e-14	5.37525727245882e-12	21.9735990855371
"13965"	"NM_025003"	"NM_025003_3183"	1.86033696245627	-0.0458754496701538	14.0502366710734	5.79399853045248e-14	5.58678943046512e-12	21.9175922780932
"4881"	"NM_032411"	"NM_032411_608"	-1.45910208711096	0.0140738342656759	-14.037804530624	5.9181137647491e-14	5.68238805192533e-12	21.8962764110929
"7944"	"AA427740"	"AA427740_241"	2.95992671995653	-0.00184949720689168	13.9543343721697	6.82571527832785e-14	6.46486900112815e-12	21.7527668798901
"17399"	"NM_031231"	"NM_031231_239"	-1.46739998975268	-0.0184580008724671	-13.9391062436681	7.00621571329488e-14	6.56104710994808e-12	21.7265111819898
"4033"	"NM_153208"	"NM_153208_2279"	-2.7214244170152	-0.1438057637504	-13.9300692567809	7.11565410156905e-14	6.63622232521743e-12	21.7109191455636
"4964"	"NM_002474"	"NM_002474_6556"	1.40776437257035	0.0493475133248796	13.8438800686529	8.25243578436914e-14	7.60293233640098e-12	21.5618048309807
"16854"	"NM_006825"	"NM_006825_2804"	1.69278367611629	-0.127328850943525	13.8366658485006	8.3557162108788e-14	7.66704347156282e-12	21.5492901235418
"2606"	"NM_033377"	"NM_033377_48"	2.08211210511954	0.0251204127019237	13.7847734072497	9.13903990667208e-14	8.3187196846492e-12	21.4591176838662
"2654"	"NM_014354"	"NM_014354_1841"	-2.00534780224842	-0.132500774909445	-13.7609719342689	9.52330785959272e-14	8.63395990648972e-12	21.4176681641356
"1232"	"NM_003415"	"NM_003415_3647"	-1.48784989791135	-0.104411311525822	-13.7509160476966	9.69063128857711e-14	8.75079387312939e-12	21.4001390696995
"7791"	"BC035264"	"BC035264_2154"	1.7370672770785	0.00643371187744036	13.7423182121183	9.83609849910124e-14	8.84704574883588e-12	21.3851435457802
"18693"	"NM_001658"	"NM_001658_1E11"	1.51975396341754	0.0552656932129539	13.6468753620469	1.16107630698393e-13	1.03208798600493e-11	21.2181808577369
"5957"	"AB062435"	"AB062435_352"	1.72907587024751	-0.0509766088891839	13.6429141180161	1.16911932640835e-13	1.03519375065169e-11	21.2112313653134
"17671"	"NM_006355"	"NM_006355_3181"	-1.61547008672045	-0.136111365082483	-13.6230629251739	1.21030039235717e-13	1.05929214340307e-11	21.1763810355437
"494"	"XM_069617"	"XM_069617_695"	-1.51481258224708	-0.0649135910124887	-13.4715141934572	1.57839732225863e-13	1.36178848572563e-11	20.909001888208
"5687"	"NM_005367"	"NM_005367_450"	1.82283595064192	0.0434229338472148	13.4709890276437	1.57985656631907e-13	1.36178848572563e-11	20.9080712440562
"9134"	"NM_024539"	"NM_024539_1259"	-1.40029231598159	-0.0914606392547896	-13.4609016573527	1.60815742354344e-13	1.38021827133517e-11	20.8901899530321
"5987"	"BC008001"	"BC008001_84"	-1.75653729198403	-0.145168980639408	-13.4475958999796	1.6462896988385e-13	1.40310743021606e-11	20.8665876015018
"19805"	"NM_003255"	"NM_003255_1026"	-1.66031481005496	0.0306269282309117	-13.4444481866292	1.65544623543543e-13	1.40564681095405e-11	20.8610013793459
"5979"	"NM_001776"	"NM_001776_1897"	-1.48519453703536	-0.0104011151389631	-13.4075730367912	1.7667116395609e-13	1.48351623873978e-11	20.7954832452945
"20137"	"NM_178276"	"NM_178276_1034"	-1.57163461741188	-0.0371783221830505	-13.3707826500326	1.88542518310188e-13	1.55276833273851e-11	20.7299756848433
"19892"	"NM_018170"	"NM_018170_4185"	1.81321923932017	0.0203656684977328	13.3519427424146	1.94937326548322e-13	1.57864548147104e-11	20.6963757758016
"6781"	NA	"_EMPTY_"	1.56294362985509	0.037236766549805	13.3290021707876	2.03027211486629e-13	1.638328803046e-11	20.655412812395
"21475"	"NM_006163"	"NM_006163_1604"	1.4203997969928	-0.185230844793178	13.3263631903528	2.0397979134326e-13	1.64019933986121e-11	20.6506971086608
"12784"	"NM_006456"	"NM_006456_1720"	-2.43530031177972	-0.0685309065446887	-13.3038390320662	2.1230022855016e-13	1.68919720310749e-11	20.6104182607481
"18389"	"NM_032144"	"NM_032144_2765"	-1.38734521942295	0.106584997525524	-13.2568255280497	2.30814260524371e-13	1.79974886928964e-11	20.5261758611932
"19361"	"NM_001663"	"NM_001663_1751"	-1.35493187877688	-0.0433497431877795	-13.2565201264396	2.30939826785276e-13	1.79974886928964e-11	20.5256278642772
"11840"	"NM_145062"	"NM_145062_1679"	1.70363574250936	0.00210017310211984	13.2446147855748	2.35890038154386e-13	1.82985454373082e-11	20.5042579278216
"177"	"NM_002888"	"NM_002888_627"	1.51703254958062	-0.038880026469445	13.2204129665886	2.46293362790155e-13	1.8998819537806e-11	20.4607702020251
"12303"	"XM_352250"	"XM_352250_627"	-1.53997243989781	-0.0567271532830546	-13.2064284212839	2.52519344403129e-13	1.94132777068838e-11	20.4356136688053
"21596"	"AF038184"	"AF038184_491"	2.56901993669882	0.0983231388742198	13.1680225877613	2.70466686208148e-13	2.05844144192395e-11	20.3664204046021
"13095"	"NM_031216"	"NM_031216_2948"	-1.33682913488642	0.0127378688381862	-13.1337343866705	2.87600955479804e-13	2.16710176917167e-11	20.3045143151092
"8111"	"NM_014928"	"NM_014928_4888"	-1.33540123810511	-0.0178445750912564	-13.1247721374448	2.92261443308587e-13	2.18773072497704e-11	20.2883128404488
"232"	"BC020945"	"BC020945_1614"	1.98556347063648	-0.0887280122283853	13.1185348272416	2.95550837853586e-13	2.20509995612991e-11	20.2770323534375
"6917"	"AK092502"	"AK092502_1433"	1.57553317256777	0.0913912275154885	13.1072525107674	3.01598183745265e-13	2.24286544748603e-11	20.2566172648629
"1140"	"AL049337"	"AL049337_1769"	-1.34357589562881	-0.0603213374804331	-13.0963807859244	3.07546231411613e-13	2.2796488736165e-11	20.2369323821598
"9103"	"AL832882"	"AL832882_4136"	-1.53990340531988	0.0343446336747189	-13.0697141541417	3.22653712573476e-13	2.38386619588377e-11	20.1885953990388
"22405"	"NM_177550"	"NM_177550_722"	-1.34063671888484	-0.0888154936825276	-13.050659664765	3.33915928416897e-13	2.43850061202493e-11	20.1540102351051
"238"	"NM_145175"	"NM_145175_2093"	1.72681474404003	-0.0236308099508613	12.9982927384837	3.67003568253572e-13	2.6597239487829e-11	20.05876171393
"12757"	NA	"B3'_0C10"	-1.61343552832146	-0.0544741360327892	-12.9920645458985	3.71157797768159e-13	2.6812910622261e-11	20.0474139897714
"11347"	"AF293026"	"AF293026_867"	2.53285220825919	-0.0301398416868002	12.9822497644971	3.77802979575963e-13	2.72065968456665e-11	20.029523111873
"1965"	"NM_178472"	"NM_178472_718"	-1.34773236393221	-0.147449567827437	-12.9468206515102	4.02828997773466e-13	2.86910787787039e-11	19.9648553718753
"4992"	NA	"_EMPTY_"	1.76732198961277	-0.200564256562415	12.9430490012068	4.05592008992152e-13	2.8752809210671e-11	19.9579631658302
"10842"	NA	"ctr2_GAPDH"	-2.6685226322256	0.0781595569961849	-12.9251339560423	4.18985475752482e-13	2.96100418826816e-11	19.9252048770695
"17318"	"NM_012101"	"NM_012101_2691"	3.12849305845311	-0.0531618966788006	12.9094517105005	4.31083879565689e-13	3.0370726821662e-11	19.8965010416801
"20080"	"NM_022495"	"NM_022495_1268"	-1.86345913833268	0.00734704990995862	-12.9061876421517	4.33646986230875e-13	3.04363539107924e-11	19.8905233632315
"8462"	"XM_353199"	"XM_353199_614"	2.17616971579661	0.00564533013396832	12.8869724223995	4.49057634375221e-13	3.13458758522777e-11	19.8553101661912
"11802"	"NM_001318"	"NM_001318_294"	-1.84300444830179	-0.122901177259265	-12.867579445272	4.65184125031384e-13	3.20779695430732e-11	19.8197308774598
"12133"	"NM_021242"	"NM_021242_2227"	-1.77711175016152	-0.0854562273496036	-12.8278578668603	5.00106388580898e-13	3.40739830112043e-11	19.7467289870801
"8977"	"AF054501"	"AF054501_398"	-1.35559706155026	-0.0984270032937517	-12.8200343542781	5.07297420572396e-13	3.44598809031207e-11	19.7323305081404
"8660"	"NM_018052"	"NM_018052_2131"	1.33269977340926	-0.0934188436963954	12.8113498531133	5.15404823219395e-13	3.4906405229704e-11	19.7163396911322
"18425"	"XM_353275"	"XM_353275_774"	1.39790883429534	-0.0783225420416424	12.7878656723667	5.38004353432627e-13	3.62213818541801e-11	19.6730571857786
"21654"	"AK057486"	"AK057486_1465"	-1.47774193854671	-0.0545735193934733	-12.7703444776718	5.55529361351738e-13	3.70722174396485e-11	19.6407257515344
"7465"	"NM_001303"	"NM_001303_680"	2.21836658511249	0.022167548362622	12.754070530039	5.72334189890148e-13	3.78605721661053e-11	19.6106659274904
"9528"	"NM_018559"	"NM_018559_985"	-1.75207262230725	-0.10906340556305	-12.7378017301157	5.89658074751854e-13	3.87810958065121e-11	19.5805867869
"20612"	"AK097419"	"AK097419_1671"	-1.59355864101534	0.0900775921429192	-12.6968751603322	6.35670969893993e-13	4.1447932925237e-11	19.5047905737412
"6727"	"NM_017610"	"NM_017610_4819"	1.34208931486459	-0.0100744314387092	12.6839308071382	6.50982314469225e-13	4.22044260628538e-11	19.4807794576897
"1733"	"NM_000947"	"NM_000947_1463"	1.79531435873096	-0.0326443049453646	12.6444685870026	7.00050160999994e-13	4.48742013062419e-11	19.4074657525176
"20644"	"NM_006593"	"NM_006593_527"	-1.41102153796223	-0.0281289556779801	-12.6295950743343	7.19519750760024e-13	4.57357303025003e-11	19.3797890904622
"9525"	"AF052160"	"AF052160_361"	-1.6547363711556	-0.0777655206318949	-12.6178673359879	7.35264629682907e-13	4.65932197676824e-11	19.3579489412585
"19806"	"NM_014188"	"NM_014188_896"	-1.59770995847501	-0.000221929722170985	-12.6165135201146	7.37104900525825e-13	4.65932197676824e-11	19.3554268039087
"18328"	"NM_152313"	"NM_152313_1597"	1.68828914490953	-0.0913835328586662	12.6129189049464	7.42014215094526e-13	4.67736162844627e-11	19.3487291142712
"6304"	"XM_098842"	"XM_098842_2074"	-2.90045316120701	-0.0590003260602103	-12.5690446897761	8.04725287821655e-13	5.04471863627261e-11	19.2668654336644
"19845"	"NM_032921"	"NM_032921_1430"	1.38103928239753	-0.0055462673445857	12.5392483331206	8.50408449933762e-13	5.29115077852484e-11	19.2111480298122
"2460"	"AK096649"	"AK096649_2344"	-1.59778256730239	-0.0444318290573244	-12.538866290412	8.51011243162282e-13	5.29115077852484e-11	19.2104329949631
"5679"	"NM_015722"	"NM_015722_160"	1.73154884528239	0.00271832207900683	12.5224979299953	8.772555893851e-13	5.40998053985022e-11	19.1797826258339
"9738"	"BC039519"	"BC039519_1111"	1.41771612908062	0.0105586383859401	12.4838725664603	9.4254564172653e-13	5.74311742278609e-11	19.1073373588317
"11872"	"XM_066484"	"XM_066484_1956"	2.56967225693332	0.104978123970099	12.4351372911137	1.032137085025e-12	6.08526335449889e-11	19.015693271158
"12848"	NA	"A6_0C04"	-2.23757825711221	-0.037914612670582	-12.3833382165744	1.13703165807518e-12	6.66863206473163e-11	18.9179972076791
"18862"	"AL080151"	"AL080151_2553"	1.37251991146433	0.0385543033940833	12.3636872418167	1.1796472391704e-12	6.84797259555141e-11	18.8808557183173
"12309"	"NM_052996"	"NM_052996_2284"	1.47267617413952	0.0828421849777251	12.3457443926853	1.21999634044582e-12	7.02841436030005e-11	18.8469048344943
"7687"	"AK074467"	"AK074467_498"	1.67972893411838	-0.0548170292172574	12.3437084244215	1.22466374044991e-12	7.03748688830254e-11	18.8430501557928
"14963"	"NM_020314"	"NM_020314_2866"	-1.69518681500566	-0.0915356291394093	-12.317444099431	1.28655106744968e-12	7.37449775589041e-11	18.7932823670809
"3981"	"NM_002215"	"NM_002215_2856"	2.96274703267826	-0.0848710169625415	12.2855544236607	1.36604942095146e-12	7.75207496837195e-11	18.7327507526533
"20705"	NA	"A6_0C06"	-1.71389185103403	0.098872334944135	-12.2745843787006	1.39455296849068e-12	7.85506122548858e-11	18.7119013561342
"22371"	"NM_022781"	"NM_022781_3686"	-1.46048316069635	0.0164786737894566	-12.2626814781403	1.42617457587845e-12	7.97396281294596e-11	18.6892636151007
"11655"	"NM_000917"	"NM_000917_2377"	2.15726362614642	-0.0280186189780779	12.2544894647984	1.44836625244083e-12	8.07260371057632e-11	18.6736741821885
"5015"	"NM_139164"	"NM_139164_1307"	1.31126041128069	-0.0566196020707596	12.2527476124421	1.45313052897494e-12	8.07260371057632e-11	18.6703584515217
"9655"	"AK024927"	"AK024927_1160"	-2.20304755337496	-0.144399279817851	-12.2163092599593	1.5565864172024e-12	8.55596147581108e-11	18.6009168481587
"12487"	"NM_005468"	"NM_005468_1979"	1.80792483368705	0.0501972206912165	12.1828772270293	1.65818445132506e-12	9.00564328743509e-11	18.5370719280192
"9495"	"NM_019602"	"NM_019602_1249"	-1.51519064022006	-0.0348715551471194	-12.1601621411867	1.7310924814359e-12	9.31626689433058e-11	18.4936205505161
"6373"	"NM_080873"	"NM_080873_260"	1.32865146294566	0.0255976757420252	12.114458867549	1.88796615331807e-12	1.00379807908659e-10	18.4060170881804
"10332"	"NM_030808"	"NM_030808_2234"	1.74342267517211	-0.0852170438572293	12.0829775476936	2.00448458938368e-12	1.05101500728145e-10	18.3455351960781
"2466"	"NM_014383"	"NM_014383_1901"	-1.32943932670885	-0.00898947399459342	-12.0721383216606	2.04629665778774e-12	1.06472263077169e-10	18.3246846038023
"13304"	"NM_000766"	"NM_000766_656"	-1.8441263594731	-0.138501566942474	-12.032038483735	2.20895514018444e-12	1.13726206267052e-10	18.2474303527268
"19798"	"NM_014161"	"NM_014161_471"	2.10157058027736	0.0385404072309343	12.0147423639509	2.28317217144761e-12	1.16524291551539e-10	18.2140514725311
"14129"	"XM_043492"	"XM_043492_6574"	-2.1427558153408	-0.0652673396320764	-11.9909526111659	2.38947315591639e-12	1.21643962273005e-10	18.1680845561358
"10267"	"AJ253039"	"AJ253039_38"	2.32496628218934	0.0107420707816196	11.9753142028431	2.46211721892356e-12	1.24506532075166e-10	18.1378322163263
"12035"	"NM_152350"	"NM_152350_540"	1.938964296115	-0.0249053479402804	11.9721594621819	2.47704544736727e-12	1.24983694457405e-10	18.1317259789749
"14755"	"NM_004856"	"NM_004856_2505"	1.6840099647236	0.0171018045619967	11.9423444527258	2.62282058652879e-12	1.30478139023738e-10	18.0739599519235
"4630"	"NM_006768"	"NM_006768_1541"	1.52681547345662	0.0621734775200976	11.9416982641571	2.62607609741924e-12	1.30478139023738e-10	18.0727068344997
"16560"	"NM_005228"	"NM_005228_3747"	1.34735462084958	0.0223889842747956	11.9355047644542	2.65749104737728e-12	1.31751342645136e-10	18.0606936726136
"14886"	"NM_014265"	"NM_014265_1846"	-1.51600237269818	-0.000387512607254932	-11.9220661310827	2.72699360701294e-12	1.343191916043e-10	18.0346122685286
"3898"	"BC038777"	"BC038777_358"	1.71663205583173	0.01349634208017	11.89709538646	2.86115453936751e-12	1.4001813483408e-10	17.9860939568464
"14781"	"NM_000412"	"NM_000412_1380"	-1.52719694540296	-0.121368514654478	-11.876516681142	2.97682123688162e-12	1.45054698215157e-10	17.9460549498605
"16953"	"AY040873"	"AY040873_491"	-1.74272216329017	-0.0366461916079677	-11.8509537816197	3.12724226798e-12	1.51411755425857e-10	17.8962497925221
"18388"	"NM_001031"	"NM_001031_329"	-1.50322437132824	-0.0272974976592663	-11.8180520927736	3.33244803645495e-12	1.59985627674196e-10	17.8320340415601
"13414"	"NM_001977"	"NM_001977_2736"	1.48573481364311	-0.134688740592581	11.8097329373132	3.38649828724768e-12	1.62238221104438e-10	17.8157771341238
"7752"	"NM_144975"	"NM_144975_415"	1.62311826596544	-0.0362343155278812	11.7838430223554	3.56055860782604e-12	1.69861785492011e-10	17.765132459264
"6937"	"BC009871"	"BC009871_164"	2.96994834755008	0.0305699079345168	11.7673912858016	3.67592983068438e-12	1.74269706723029e-10	17.7329095254459
"22379"	"NM_015883"	"NM_015883_1596"	-1.53607233434937	-0.0909311492041897	-11.7605223569501	3.72523270467884e-12	1.75689811998615e-10	17.7194464144387
"3504"	NA	"ctr1_ACTB"	1.74651524650081	0.144252989153377	11.7462142258007	3.83013091315522e-12	1.79708163009815e-10	17.6913846741466
"3932"	"BC022827"	"BC022827_137"	-1.68763143893185	-0.119704146646578	-11.7113252779741	4.0988633947335e-12	1.88813229576023e-10	17.6228580642086
"9646"	"NM_006419"	"NM_006419_1042"	-1.34750651441512	-0.127927222759579	-11.7013581960317	4.17914738602073e-12	1.91732329109106e-10	17.6032550597174
"10849"	"AL834364"	"AL834364_2414"	1.69546152200921	0.117137513949274	11.7003314108178	4.18750956087298e-12	1.91732329109106e-10	17.6012349395786
"10270"	"NM_007256"	"NM_007256_3535"	-2.67298351302855	-0.00454786938868538	-11.6934025421013	4.24439090283498e-12	1.93946504788982e-10	17.5875996801005
"15337"	"XM_091727"	"XM_091727_411"	1.5767463942854	0.0349672483376708	11.6497568956659	4.62146729347551e-12	2.08662916131605e-10	17.5015795559087
"14869"	"NM_032661"	"NM_032661_124"	-1.93652975852589	-0.0793757768240399	-11.6240483919393	4.85956214791075e-12	2.18545842367306e-10	17.4508059110714
"2877"	"NM_002981"	"NM_002981_358"	-1.7477909871232	-0.103671445575441	-11.6225668403259	4.87366240864806e-12	2.18747656353442e-10	17.4478774990351
"12647"	"AK056481"	"AK056481_3679"	1.37704144776041	0.00554626466440714	11.6059477835079	5.03474762838506e-12	2.24648464767707e-10	17.41501069954
"13457"	"AK057085"	"AK057085_1369"	-1.32512876743193	-0.0730721442204584	-11.5707518673885	5.39425201817784e-12	2.39281869250789e-10	17.3452970203661
"5692"	"NM_078626"	"NM_078626_1191"	-1.30810925187533	-0.102180279835366	-11.5059654784353	6.12673735168302e-12	2.68115452259421e-10	17.2165871306387
"6726"	"XM_036408"	"XM_036408_2950"	-1.32754654304014	-0.0515116699700967	-11.4936199890719	6.27755446687591e-12	2.74188156330573e-10	17.1920037770289
"10577"	"NM_182537"	"NM_182537_1310"	-1.45758220660045	-0.0912087658704117	-11.454266867575	6.78433090740775e-12	2.93506148534165e-10	17.1135189172698
"20754"	"NM_138715"	"NM_138715_2486"	-1.57381802300709	0.0441356677631635	-11.4239148360553	7.2038534116523e-12	3.09888257534139e-10	17.0528588215894
"9577"	"NM_153697"	"NM_153697_2475"	1.5422569050377	0.0370961491133185	11.3998336212122	7.55565472836869e-12	3.23797512238716e-10	17.0046525604738
"651"	"D31736"	"D31736_588"	-1.46267703676153	-0.0179383016467676	-11.3830133053302	7.81183593873683e-12	3.34146877108826e-10	16.9709399339842
"16857"	"NM_018233"	"NM_018233_1896"	-1.74278024154128	-0.0362325932641015	-11.3685870872961	8.03867329179275e-12	3.41878178923549e-10	16.9419986048632
"11646"	"NM_152372"	"NM_152372_2498"	1.74158192954073	0.0723187521945353	11.3590174725826	8.19287731298071e-12	3.47182711609291e-10	16.9227865672531
"10423"	"NM_001365"	"NM_001365_3076"	1.60274777493081	-0.228602279384983	11.3282044375735	8.71041152302576e-12	3.6340629337919e-10	16.8608509708404
"9140"	"AB023170"	"AB023170_3947"	1.31639698596816	-0.0570083977951452	11.3276831225274	8.71945140556502e-12	3.6340629337919e-10	16.8598021172859
"9403"	"NM_139176"	"NM_139176_2098"	1.88347910595999	-0.0557736322084358	11.2776660928302	9.63329759289609e-12	4.00027956248072e-10	16.7590179942427
"4880"	"N48000"	"N48000_43"	-1.5313668450279	-0.101594202672277	-11.2439618591115	1.03042214462998e-11	4.2401964418083e-10	16.6909330277536
"21033"	"NM_152614"	"NM_152614_245"	1.40132123860317	-0.0450380361912113	11.2369054940984	1.04506738006697e-11	4.28496455870342e-10	16.6766611938188
"18214"	"NM_004565"	"NM_004565_1462"	-1.86787284709283	-0.0772750783660065	-11.2330003463925	1.05326431236411e-11	4.30306691062076e-10	16.6687602440788
"2582"	"NM_020361"	"NM_020361_682"	-1.62461741135663	-0.195527553510463	-11.1750586579597	1.18296805996638e-11	4.7561168149461e-10	16.5513135956578
"22518"	"NM_000734"	"NM_000734_793"	2.33019951415041	-0.0700000742085649	11.1488514024797	1.24692923616436e-11	4.97809152599232e-10	16.498057469228
"5256"	"NM_014554"	"NM_014554_275"	-1.30693731864976	-0.00432296830676193	-11.1161503386662	1.3317622768889e-11	5.27971818342924e-10	16.4314873685649
"21648"	"NM_017658"	"NM_017658_128"	-1.34693924587495	-0.063735492018393	-11.1128619975362	1.34061534507315e-11	5.30557265956255e-10	16.4247859901755
"14408"	"BC040313"	"BC040313_1126"	1.3618268697923	0.0151954938819875	11.0761928000239	1.44354232416111e-11	5.64420088120452e-10	16.3499672066375
"10310"	"NM_002794"	"NM_002794_527"	1.98455278804694	-0.0359925395095536	11.0374595469749	1.5611284001231e-11	6.03141559816661e-10	16.2707575564086
"6632"	"NM_003639"	"NM_003639_1758"	1.75179265887032	-0.0333226916551505	11.0093425819936	1.6526274567798e-11	6.29936187713253e-10	16.213142532026
"19202"	"BC027989"	"BC027989_1464"	1.55769248435509	0.0978456089411735	10.9997161130608	1.68520768229765e-11	6.40210117168036e-10	16.1933943407679
"13225"	"AK022258"	"AK022258_1735"	-2.29382849254264	-0.162409778599203	-10.9878584091175	1.72624989705427e-11	6.53987418730385e-10	16.1690531638145
"18245"	"NM_003602"	"NM_003602_1199"	1.44727898891846	-0.146771153564922	10.953521790015	1.85099785228707e-11	6.95071074697105e-10	16.0984698513245
"16090"	"NM_017444"	"NM_017444_384"	-1.43454108560598	-0.0594878836153455	-10.9408640731278	1.89929276975044e-11	7.12031404751911e-10	16.0724134915237
"7041"	"NM_005435"	"NM_005435_2178"	-1.6038501068057	-0.118212754121095	-10.9367341268502	1.91532941978312e-11	7.15685324738666e-10	16.0639075563003
"18452"	"NM_033445"	"NM_033445_798"	2.47909940733143	-0.111681900825175	10.8943206329427	2.08831341329912e-11	7.6895890021092e-10	15.976431362652
"559"	"AF144054"	"AF144054_373"	-2.10578851389835	-0.0152727688310256	-10.8324715478613	2.36987084234956e-11	8.60108148142051e-10	15.8484692793543
"4933"	"XM_353155"	"XM_353155_492"	-1.63118265380229	-0.132161867966151	-10.8262442947099	2.40030435398313e-11	8.68383559288397e-10	15.8355590606528
"11354"	"NM_003676"	"NM_003676_939"	-3.06140256304659	-0.103888405306166	-10.820308179419	2.42968942246843e-11	8.77619245995105e-10	15.8232479199799
"17388"	"NM_024569"	"NM_024569_571"	2.12095792959419	0.0754069498139994	10.7490998781511	2.81246127572857e-11	9.95340105606212e-10	15.6752230827664
"126"	"U86790"	"U86790_197"	1.32378185203314	-0.246490961116889	10.7333188979373	2.90538313157162e-11	1.0234504418273e-09	15.6423323307244
"908"	"NM_018098"	"NM_018098_3812"	1.9500457951056	-0.200834313676008	10.7252671713447	2.95400448756401e-11	1.03714323807265e-09	15.6255388744297
"20699"	"BC027852"	"BC027852_517"	-1.3410384030137	0.0257222484227548	-10.7246234869589	2.95792741039351e-11	1.03714323807265e-09	15.6241959932198
"12219"	"XM_048362"	"XM_048362_3602"	-1.33211067515682	-0.0353446679982593	-10.7198369156724	2.98726769191711e-11	1.04581943995793e-09	15.6142084178213
"17929"	"NM_006907"	"NM_006907_1736"	2.10358300158825	-0.0737646365342013	10.7092917848046	3.05296729083602e-11	1.06130848505017e-09	15.592194986803
"6739"	"XM_290809"	"XM_290809_1971"	-1.64665680970539	-0.057337531225552	-10.6780834826158	3.25625248162151e-11	1.11427490935006e-09	15.5269644142296
"21691"	"XM_043653"	"XM_043653_715"	-1.78890273924611	-0.156931629183031	-10.6442434081814	3.49247514374152e-11	1.19152570271337e-09	15.4560945340638
"15448"	"NM_014003"	"NM_014003_3469"	-1.37048171778574	-0.0351890664252181	-10.6112616011899	3.73969189590781e-11	1.26350652580708e-09	15.386883206294
"2928"	"NM_176889"	"NM_176889_881"	-1.43123544112216	-0.0184563227746032	-10.5780309915744	4.00701593276228e-11	1.34093609655792e-09	15.3170108671795
"14112"	"XM_116497"	"XM_116497_137"	1.61208284050957	0.0121200373739262	10.5757274503778	4.02626011237968e-11	1.34539757881516e-09	15.3121621524594
"12764"	"NM_022578"	"NM_022578_132"	-1.41423415035973	-0.166308070954352	-10.5588426405108	4.17025224423283e-11	1.38335656078371e-09	15.2766008846029
"11313"	"NM_000561"	"NM_000561_908"	-1.30974856501489	-0.0569940833247547	-10.522230132174	4.50096001728088e-11	1.47379080817082e-09	15.1993668667078
"9990"	"NM_025237"	"NM_025237_1694"	2.07925822830086	-0.136434674997035	10.5189517129585	4.53185902605859e-11	1.48170954018663e-09	15.1924427567273
"9168"	"NM_014956"	"NM_014956_5748"	2.31874714611879	-0.0220489942236754	10.4810854400815	4.90497142294536e-11	1.58773157468769e-09	15.1123692611297
"17746"	"NM_003236"	"NM_003236_1B11"	-2.25441556295755	-0.0176674940352814	-10.4792252080628	4.92409534054698e-11	1.59165786320294e-09	15.1084308472232
"7723"	"NM_173502"	"NM_173502_2553"	1.77862705299905	-0.111057745401675	10.4710293199427	5.00926973724407e-11	1.61689279632236e-09	15.0910735780107
"21566"	"NM_017700"	"NM_017700_547"	-1.31048056356741	-0.0632411559834546	-10.4653135557434	5.06956533337244e-11	1.62977838403984e-09	15.078963663391
"9167"	"NM_016055"	"NM_016055_818"	2.33989457950272	-0.0575562522945291	10.3893824233218	5.94522393980391e-11	1.8753380922195e-09	14.917694483789
"7402"	"BC030210"	"BC030210_374"	-1.4103188297899	-0.0602795088117989	-10.3686459306656	6.21040501658656e-11	1.94593186105116e-09	14.8735246059622
"16432"	"NM_002670"	"NM_002670_3220"	-1.64026466313056	-0.0812820294875362	-10.3638482545309	6.27347223908286e-11	1.95828716423278e-09	14.8632974604426
"7193"	"AK090684"	"AK090684_1716"	1.60909532523964	-0.0535232982691706	10.3160095674164	6.93953725896211e-11	2.13400148466138e-09	14.7611592073603
"4524"	"XM_351310"	"XM_351310_250"	-1.43775081289271	-0.11401208260924	-10.3039269504366	7.11899056677665e-11	2.17449327969892e-09	14.7353157720886
"3081"	"NM_080593"	"NM_080593_531"	1.42573912081688	-0.0153597273549753	10.2211536031664	8.48381243245587e-11	2.54357886314843e-09	14.5577682887079
"19894"	"NM_144499"	"NM_144499_1950"	-1.38318632895867	-0.0159099974993103	-10.1804165240192	9.2516004848871e-11	2.73414831992326e-09	14.470064212967
"7793"	"U79304"	"U79304_198"	1.49374978837066	-0.107732231590296	10.1492715839235	9.88654163133743e-11	2.89174988898091e-09	14.4028669703286
"10461"	"NM_005264"	"NM_005264_2478"	2.10133924434388	-0.0221873859789684	10.1436516196429	1.00058009622663e-10	2.91539061072127e-09	14.3907281910076
"5962"	"NM_014046"	"NM_014046_358"	1.3031663470176	-0.0765037609111358	10.0709427170688	1.16890798954329e-10	3.32470074304234e-09	14.2333131399114
"18735"	"NM_138358"	"NM_138358_1064"	-1.98855469683926	-0.0403744961317172	-10.0596753454352	1.19748734680209e-10	3.39775836207336e-09	14.2088579766295
"8276"	"NM_000369"	"NM_000369_502"	-1.33572862077147	-0.0616154035623827	-10.0556332068284	1.20791427545533e-10	3.41457108723744e-09	14.2000807424956
"15261"	"NM_017779"	"NM_017779_627"	-1.31603410104499	-0.160754155095165	-10.0540676673684	1.21197769762868e-10	3.4175668509589e-09	14.1966807088474
"15178"	"NM_004256"	"NM_004256_1655"	1.36185524820364	-0.0719814961699021	10.0075987499895	1.33920895619054e-10	3.71646817159415e-09	14.0956148305952
"20558"	"XM_295865"	"XM_295865_4005"	-1.77812322136747	0.011042254326673	-9.99941307354768	1.36300552996876e-10	3.76827353987733e-09	14.0777826414209
"5380"	"NM_000986"	"NM_000986_242"	-1.30088572792476	0.0551794262469941	-9.98635891588361	1.40185794015185e-10	3.85485096342288e-09	14.0493266281094
"17212"	"NM_153379"	"NM_153379_1772"	1.33575623978117	0.08748384838672	9.96956200424963	1.45352983743782e-10	3.9755438678768e-09	14.0126793951666
"17182"	"NM_000376"	"NM_000376_3269"	2.18300811452306	-0.0177038214337097	9.9655626156721	1.46611896939094e-10	4.00036010401202e-09	14.0039481825282
"4434"	"U61739"	"U61739_53"	-1.34112953203412	-0.0859249261955292	-9.95251877837233	1.50796194393778e-10	4.09000977309274e-09	13.9754572322012
"8594"	"NM_152330"	"NM_152330_3961"	-2.11319842302675	-0.0587037381436087	-9.90749458163767	1.66206264536293e-10	4.42361374945952e-09	13.8769430196216
"6725"	"AF003522"	"AF003522_2533"	1.60015417311643	-0.146095649983433	9.90151304941467	1.68371957536278e-10	4.47601900198078e-09	13.8638353709023
"9852"	"AK093856"	"AK093856_1134"	1.60505422604403	0.0371233738168185	9.89249035737477	1.71693734619695e-10	4.54838489523372e-09	13.8440546362425
"6649"	"NM_018147"	"NM_018147_148"	-1.40202856572043	-0.0691791725338436	-9.86787696516168	1.81101980190171e-10	4.74241272866229e-09	13.7900398814607
"10520"	"BC000825"	"BC000825_514"	3.1750282470528	-0.0557334805881431	9.86161953973116	1.83577194143334e-10	4.79069108936434e-09	13.7762951788537
"1921"	"NM_005769"	"NM_005769_1455"	1.58226815334385	-0.034254418014717	9.85690300394317	1.85465837051172e-10	4.82890227452686e-09	13.7659317251827
"12955"	"XM_353427"	"XM_353427_492"	1.92126841413407	0.053403064495579	9.83171513718409	1.95895165751297e-10	5.05843055709481e-09	13.7105382182994
"17322"	"NM_005565"	"NM_005565_1880"	-1.33615465207353	-0.0483568665962957	-9.83132877318443	1.96059753531272e-10	5.05843055709481e-09	13.7096878752611
"9130"	"NM_001504"	"NM_001504_607"	-1.49539206338736	0.05672480478459	-9.80763514679915	2.06429380268487e-10	5.27809772740416e-09	13.6575035899238
"2881"	"NM_005110"	"NM_005110_2935"	1.50579072940157	-0.133266524449211	9.80214575605074	2.08911203798214e-10	5.32523118275661e-09	13.6454029394049
"17964"	"NM_005958"	"NM_005958_1641"	-1.38905193704542	-0.0510726982462124	-9.78997424432622	2.14524008530552e-10	5.42412037569027e-09	13.6185583472423
"1689"	"AK057297"	"AK057297_2011"	1.40423283687205	0.048799396970317	9.78914359697494	2.14912656285645e-10	5.42791610037307e-09	13.6167256253038
"6798"	NA	"_EMPTY_"	1.5449070567893	0.0751282929531192	9.76823368505893	2.24938047089933e-10	5.63732400834639e-09	13.5705606820838
"10331"	"NM_005577"	"NM_005577_10623"	-1.92841190778693	-0.0382386117928025	-9.7637499200485	2.27149646061941e-10	5.68023884152256e-09	13.5606539571921
"8006"	"NM_018380"	"NM_018380_2657"	-1.70119839122903	-0.269849695581159	-9.76219420377242	2.27922205003695e-10	5.68705887835973e-09	13.5572160396971
"10256"	"AK098596"	"AK098596_581"	1.49800917630597	-0.0539121267170618	9.7039913453106	2.58851728504481e-10	6.34061349176316e-09	13.4283676788223
"9604"	"NM_006252"	"NM_006252_1266"	3.5883126477236	0.110010406940945	9.69955285463413	2.61380548526538e-10	6.38880318181515e-09	13.4185235877926
"9599"	"NM_153007"	"NM_153007_1099"	1.85548403551884	0.0391587222313137	9.68059291345722	2.72471884633551e-10	6.61020277902035e-09	13.376443356097
"6446"	"NM_024123"	"NM_024123_15"	-1.6196477726074	-0.132110251486185	-9.6495310592775	2.91698255688858e-10	7.00938279456774e-09	13.3074016881045
"15242"	"NM_016319"	"NM_016319_1234"	1.52693017159555	-0.0852733696501969	9.58433004112156	3.36719442818313e-10	7.96818509902344e-09	13.1620654588692
"21841"	"XM_353193"	"XM_353193_638"	-1.51773216288898	0.0252590921024407	-9.57615386372146	3.42848126067876e-10	8.08473814386484e-09	13.1438008572103
"5226"	"BC035658"	"BC035658_486"	2.46888061163351	-0.0994911482373772	9.5270316353719	3.82159867495046e-10	8.83783530967202e-09	13.0338821425269
"3916"	"NM_153692"	"NM_153692_1185"	1.52278468524684	-0.0661722804928541	9.4688382155067	4.34780886268584e-10	9.92364478227473e-09	12.9032531624665
"1227"	NA	"_EMPTY_"	1.74939993168498	-0.051357197590565	9.46693914018829	4.36618359153358e-10	9.94563301390773e-09	12.8989827000796
"16834"	"NM_004644"	"NM_004644_2953"	-1.41021148610639	-0.114216983146638	-9.4153388567642	4.89717552622371e-10	1.09685163656247e-08	12.7827663858421
"8915"	"NM_032599"	"NM_032599_1474"	2.3359486437853	-0.0909789208760041	9.3696864079162	5.42212873903724e-10	1.19560040296058e-08	12.6796524276602
"7691"	"NM_002397"	"NM_002397_3993"	-1.36664819021269	0.0126967014927502	-9.35576473452433	5.59344634337304e-10	1.22980159410432e-08	12.64815303455
"4284"	"NM_174900"	"NM_174900_1300"	2.02209272284837	-0.0777642593531365	9.33353823792581	5.87856038063909e-10	1.28627423097907e-08	12.5978098271354
"1926"	"XM_353176"	"XM_353176_1068"	-1.59376360855714	-0.117604109245064	-9.32968758074611	5.92945099526126e-10	1.29491925957932e-08	12.5890814057871
"1072"	"NM_004366"	"NM_004366_2460"	1.74631546657301	-0.106161833617025	9.31871965260959	6.07689616656547e-10	1.32330956140061e-08	12.5642092488416
"4919"	"NM_018083"	"NM_018083_235"	-1.4585655511524	-0.0626681708413716	-9.27247966525773	6.74108416304536e-10	1.44501211895899e-08	12.4591747856329
"6978"	"NM_020644"	"NM_020644_693"	-1.91859527783542	0.108525203594861	-9.11955303030285	9.5187956081564e-10	1.96026889465346e-08	12.109781183133
"6499"	"AK096850"	"AK096850_2062"	-1.39240939944519	-0.0666294296865496	-9.1187445747588	9.53625273569248e-10	1.96208831151373e-08	12.1079258466857
"74"	"NM_007274"	"NM_007274_1657"	1.99354989358863	-0.0054748110528227	9.1146405063965	9.62538042328243e-10	1.97863737048071e-08	12.0985060219264
"16362"	"AK097239"	"AK097239_1307"	1.36496288514097	-0.0255147330458485	9.07290334902118	1.05818048139861e-09	2.15577037016174e-08	12.0025821895355
"12459"	"NM_002904"	"NM_002904_1064"	-1.62269769870326	0.074866363087889	-9.0718340822326	1.06075496008704e-09	2.15908227833101e-08	12.0001216723453
"22548"	NA	"_EMPTY_"	1.3757601110959	-0.099659258565415	9.0534296705068	1.10608821548718e-09	2.24332829158879e-08	11.9577470141571
"12472"	"AF075045"	"AF075045_498"	-1.39726172419145	-0.0579171758325988	-9.01593467978214	1.20469403023237e-09	2.40263079333635e-08	11.8712786936983
"5704"	"XM_352707"	"XM_352707_1298"	1.53903062913788	-0.0197195806952748	9.01458949341526	1.20839467652688e-09	2.40579433587452e-08	11.8681730501236
"17310"	"NM_182398"	"NM_182398_1464"	1.92080802044005	-0.118546904828848	9.00863244364103	1.22492332425868e-09	2.43231720478452e-08	11.8544170687664
"14891"	NA	"_EMPTY_"	1.72939903747656	-0.0874996844451463	8.96332614062408	1.35846556857695e-09	2.66263931770346e-08	11.7496418347878
"3125"	"NM_015629"	"NM_015629_668"	1.32300182286497	-0.0548187879096626	8.93973754220195	1.43381449326213e-09	2.79348310005763e-08	11.6949830085376
"17335"	NA	"_EMPTY_"	1.53205724771684	0.255215793722261	8.93378813310923	1.45348658623041e-09	2.82455514570957e-08	11.681185541189
"10153"	"NM_015434"	"NM_015434_2379"	1.56179150832966	-0.0834538631070516	8.92436578581345	1.48521006703629e-09	2.87149025365148e-08	11.6593242553746
"21853"	"NM_003327"	"NM_003327_970"	1.31873364390391	0.0435067979317905	8.90808594051796	1.54170447827148e-09	2.96810720029998e-08	11.621524750511
"17226"	"AK055182"	"AK055182_2573"	2.14995749319165	0.0278705226742846	8.90179042365021	1.56413767017864e-09	3.00620919109672e-08	11.6068980144492
"11479"	"XM_090235"	"XM_090235_1098"	1.81121416069013	-0.282898852279475	8.83606484114145	1.81932434324987e-09	3.43572985518622e-08	11.453879851954
"14205"	"NM_138326"	"NM_138326_942"	-1.35367652988719	0.0108156671520156	-8.77738719902951	2.08313133055314e-09	3.85863397254503e-08	11.3167860196139
"9008"	"NM_014969"	"NM_014969_3444"	-2.10391888390786	-0.081362635290624	-8.75840832041321	2.17660464771111e-09	3.99619349695985e-08	11.2723462483369
"17122"	"NM_012265"	"NM_012265_1584"	1.31388852925774	-0.107894710276568	8.6366220503804	2.88800287126371e-09	5.10243737099976e-08	10.9860435919866
"9682"	"NM_021070"	"NM_021070_2862"	-1.43893454903049	0.0608221898859568	-8.61395823998663	3.04472118811418e-09	5.34710103080006e-08	10.9325475083996
"18889"	"XM_034905"	"XM_034905_5960"	1.62231958426417	-0.124422020217649	8.61387935050115	3.04528165579051e-09	5.34710103080006e-08	10.9323611775957
"6336"	"NM_003008"	"NM_003008_1668"	-1.53605415176778	-0.0624477162401311	-8.59048007853097	3.21627520119163e-09	5.59125733218615e-08	10.8770576289837
"14400"	"NM_001955"	"NM_001955_1230"	-1.32024235739454	0.0474064171417596	-8.57591196289852	3.32767163419859e-09	5.7497718836616e-08	10.8425897496411
"6234"	"XM_211936"	"XM_211936_941"	-1.62074318299578	-0.0671733939632905	-8.54912792301404	3.54290281127702e-09	6.03912332385168e-08	10.7791461225128
"3096"	"BC040593"	"BC040593_2656"	-2.16201466836558	-0.126880756841895	-8.50949560442989	3.88785852998272e-09	6.51424253247275e-08	10.6850950384728
"10606"	"NM_000518"	"NM_000518_492"	1.37948114396798	0.0566410006943426	8.42371651482703	4.75723291451194e-09	7.78817210090889e-08	10.4808251243852
"13600"	"NM_018462"	"NM_018462_813"	1.61118837163533	0.0149163114646235	8.42233469144919	4.77276154337414e-09	7.802408640429e-08	10.4775266023801
"21175"	"XM_088684"	"XM_088684_60"	2.39448122790496	-0.0969042333218336	8.38388138958327	5.2263581373814e-09	8.45881975634787e-08	10.3856349698412
"10899"	"XM_211778"	"XM_211778_2403"	1.45389335383939	0.0268078185887744	8.36632643614765	5.44788514937165e-09	8.74274149923141e-08	10.3436195092293
